Sample,Accession,Tip Number,Country,Continent,Year of Isolation,Date Approximate?,Subspecies,Lineage,Subclade,23S-2058,23S-2059,tp0136 MLST Subtype,tp0548 MLST Subtype,tp0705 MLST Subtype,Overall MLST
China11,CP073574.1,129,China,Asia,2018,yes,Pallidum,SS14,SS14 Omega - East Asia,G (resistant),A (sensitive),1,1,8,3
China23,CP073573.1,132,China,Asia,2018,yes,Pallidum,SS14,SS14 Omega - East Asia,G (resistant),A (sensitive),1,NovelB,8,NovelA
China30,CP073572.1,131,China,Asia,2018,yes,Pallidum,SS14,SS14 Omega - East Asia,G (resistant),A (sensitive),1,1,8,3
China31,CP073571.1,127,China,Asia,2018,yes,Pallidum,SS14,SS14 Omega - East Asia,G (resistant),A (sensitive),1,1,8,3
China42,CP073570.1,128,China,Asia,2018,yes,Pallidum,SS14,SS14 Omega - East Asia,G (resistant),A (sensitive),1,1,8,3
China44,CP073569.1,134,China,Asia,2018,yes,Pallidum,SS14,SS14 Omega - East Asia,G (resistant),A (sensitive),1,1,8,3
China47,CP073568.1,133,China,Asia,2018,yes,Pallidum,SS14,SS14 Omega - East Asia,G (resistant),A (sensitive),1,1,8,3
China48,CP073567.1,130,China,Asia,2018,yes,Pallidum,SS14,SS14 Omega - East Asia,G (resistant),A (sensitive),1,1,8,3
CP010558_TPA_ChicagoPop,CP073566.1,18,USA,Americas,1951,no,Pallidum,Nichols,Nichols D Lab Strains,A (sensitive),A (sensitive),NovelC,14,10,NovelS
CP010560_TPA_NicholsHouE,CP073565.1,22,USA,Americas,1912,no,Pallidum,Nichols,Nichols D Lab Strains,A (sensitive),A (sensitive),10,14,10,20
CP010561_TPA_NicholsHouJ,CP073564.1,23,USA,Americas,1912,no,Pallidum,Nichols,Nichols D Lab Strains,A (sensitive),A (sensitive),NovelC,14,10,NovelS
Dublin21Be,CP073563.1,216,Ireland,Europe,2002,no,Pallidum,SS14,SS14 Omega,G (resistant),A (sensitive),1,3,1,1
Dublin24B,CP073562.1,213,Ireland,Europe,2002,no,Pallidum,SS14,SS14 Omega,G (resistant),A (sensitive),1,3,1,1
Dublin37B,CP073561.1,210,Ireland,Europe,2002,no,Pallidum,SS14,SS14 Omega,G (resistant),A (sensitive),1,3,1,1
Dublin41B,CP073560.1,215,Ireland,Europe,2002,no,Pallidum,SS14,SS14 Omega,G (resistant),A (sensitive),1,3,1,1
Dublin46B,CP073559.1,229,Ireland,Europe,2002,no,Pallidum,SS14,SS14 Omega,G (resistant),A (sensitive),19,3,1,56
Dublin50B,CP073558.1,217,Ireland,Europe,2002,no,Pallidum,SS14,SS14 Omega,G (resistant),A (sensitive),1,3,1,1
Dublin52B,CP073557.1,230,Ireland,Europe,2002,no,Pallidum,SS14,SS14 Omega,G (resistant),A (sensitive),1,3,1,1
Dublin54B,CP073556.1,231,Ireland,Europe,2002,no,Pallidum,SS14,SS14 Omega,G (resistant),A (sensitive),1,3,1,1
Dublin55B,CP073576.1,227,Ireland,Europe,2002,no,Pallidum,SS14,SS14 Omega,G (resistant),A (sensitive),1,3,1,1
Dublin57B,CP073555.1,185,Ireland,Europe,2002,no,Pallidum,SS14,SS14 Omega,A (sensitive),A (sensitive),6,1,1,NovelE
Dublin58B,CP073554.1,221,Ireland,Europe,2002,no,Pallidum,SS14,SS14 Omega,G (resistant),A (sensitive),1,3,1,1
Italy17LGMi,CP073553.1,26,Italy,Europe,2017,yes,Pallidum,Nichols,Nichols C,G (resistant),A (sensitive),3,2,3,6
Italy7CGx,CP073552.1,219,Italy,Europe,2017,yes,Pallidum,SS14,SS14 Omega,G (resistant),A (sensitive),1,3,1,1
Italy8PLe,CP073551.1,232,Italy,Europe,2017,yes,Pallidum,SS14,SS14 Omega,G (resistant),A (sensitive),1,3,1,1
ItalyAS14,CP073550.1,16,Italy,Europe,2017,yes,Pallidum,Nichols,Nichols E,A (sensitive),A (sensitive),9,7,3,26
ItalyAS15,CP073549.1,224,Italy,Europe,2017,yes,Pallidum,SS14,SS14 Omega,G (resistant),A (sensitive),1,3,1,1
ItalyAS23,CP073548.1,228,Italy,Europe,2017,yes,Pallidum,SS14,SS14 Omega,G (resistant),A (sensitive),1,NovelC,1,NovelB
ItalyGE4b,CP073547.1,220,Italy,Europe,2017,yes,Pallidum,SS14,SS14 Omega,G (resistant),A (sensitive),1,3,1,1
ItalyGE5a,CP073546.1,225,Italy,Europe,2017,yes,Pallidum,SS14,SS14 Omega,G (resistant),A (sensitive),1,NovelH,1,NovelD
ItalyGE5b,CP073545.1,226,Italy,Europe,2017,yes,Pallidum,SS14,SS14 Omega,G (resistant),A (sensitive),Indeterminate,NovelH,1,Indeterminate
ItalyGE6,CP073544.1,192,Italy,Europe,2017,yes,Pallidum,SS14,SS14 Omega,G (resistant),A (sensitive),1,1,1,2
Japan287e,CP073543.1,139,Japan,Asia,2019,no,Pallidum,SS14,SS14 Omega - East Asia,G (resistant),A (sensitive),1,1,8,3
Japan288,CP073542.1,164,Japan,Asia,2019,no,Pallidum,SS14,SS14 Omega - East Asia,G (resistant),A (sensitive),1,1,8,3
Japan290,CP073541.1,136,Japan,Asia,2019,no,Pallidum,SS14,SS14 Omega - East Asia,G (resistant),A (sensitive),1,1,8,3
Japan291x,CP073540.1,138,Japan,Asia,2019,no,Pallidum,SS14,SS14 Omega - East Asia,G (resistant),A (sensitive),1,1,8,3
Japan294x,CP073539.1,174,Japan,Asia,2019,no,Pallidum,SS14,SS14 Omega - East Asia,G (resistant),A (sensitive),1,NovelB,8,NovelA
Japan295x,CP073538.1,173,Japan,Asia,2019,no,Pallidum,SS14,SS14 Omega - East Asia,G (resistant),A (sensitive),1,1,8,3
Japan298x,CP073537.1,172,Japan,Asia,2019,no,Pallidum,SS14,SS14 Omega - East Asia,G (resistant),A (sensitive),1,1,8,3
Japan300,CP073536.1,206,Japan,Asia,2019,no,Pallidum,SS14,SS14 Omega,G (resistant),A (sensitive),1,3,1,1
Japan301,CP073535.1,175,Japan,Asia,2019,no,Pallidum,SS14,SS14 Omega - East Asia,G (resistant),A (sensitive),1,1,8,3
Japan302x,CP073534.1,143,Japan,Asia,2019,no,Pallidum,SS14,SS14 Omega - East Asia,G (resistant),A (sensitive),1,1,8,3
Japan303,CP073533.1,17,Japan,Asia,2019,no,Pallidum,Nichols,Nichols E,G (resistant),A (sensitive),9,7,3,26
Japan305,CP073532.1,155,Japan,Asia,2019,no,Pallidum,SS14,SS14 Omega - East Asia,G (resistant),A (sensitive),1,1,8,3
Japan306,CP073575.1,123,Japan,Asia,2019,no,Pallidum,SS14,SS14 Omega - East Asia,A (sensitive),A (sensitive),1,1,8,3
Japan307,CP073531.1,207,Japan,Asia,2019,no,Pallidum,SS14,SS14 Omega,G (resistant),A (sensitive),1,3,1,1
Japan308,CP073530.1,144,Japan,Asia,2019,no,Pallidum,SS14,SS14 Omega - East Asia,G (resistant),A (sensitive),1,1,8,3
Japan309x,CP073529.1,140,Japan,Asia,2019,no,Pallidum,SS14,SS14 Omega - East Asia,G (resistant),A (sensitive),1,1,8,3
Japan311,CP073528.1,156,Japan,Asia,2019,no,Pallidum,SS14,SS14 Omega - East Asia,G (resistant),A (sensitive),1,1,8,3
Japan312xe,CP073527.1,152,Japan,Asia,2019,no,Pallidum,SS14,SS14 Omega - East Asia,G (resistant),A (sensitive),1,1,8,3
Japan313x,CP073526.1,148,Japan,Asia,2019,no,Pallidum,SS14,SS14 Omega - East Asia,G (resistant),A (sensitive),1,1,8,3
Japan314,CP073525.1,205,Japan,Asia,2019,no,Pallidum,SS14,SS14 Omega,G (resistant),A (sensitive),1,3,1,1
Japan316x,CP073524.1,189,Japan,Asia,2019,no,Pallidum,SS14,SS14 Omega,G (resistant),A (sensitive),1,1,1,2
Japan317xi,CP073523.1,27,Japan,Asia,2019,no,Pallidum,Nichols,Nichols C,G (resistant),A (sensitive),3,2,3,6
Japan318,CP073522.1,147,Japan,Asia,2019,no,Pallidum,SS14,SS14 Omega - East Asia,G (resistant),A (sensitive),1,1,8,3
Japan319,CP073521.1,141,Japan,Asia,2019,no,Pallidum,SS14,SS14 Omega - East Asia,G (resistant),A (sensitive),1,1,8,3
Japan320e,CP073520.1,5,Japan,Asia,2019,no,Endemicum,non-TPA,TEN,G (resistant),A (sensitive),NA,NA,NA,NA
Japan322e,CP073519.1,4,Japan,Asia,2019,no,Endemicum,non-TPA,TEN,G (resistant),A (sensitive),NA,NA,NA,NA
Japan323x,CP073518.1,223,Japan,Asia,2019,no,Pallidum,SS14,SS14 Omega,G (resistant),A (sensitive),1,3,1,1
Japan324x,CP073517.1,171,Japan,Asia,2019,no,Pallidum,SS14,SS14 Omega - East Asia,G (resistant),A (sensitive),6,1,8,24
Japan325xe,CP073516.1,162,Japan,Asia,2019,no,Pallidum,SS14,SS14 Omega - East Asia,G (resistant),A (sensitive),1,1,8,3
Japan326e,CP073515.1,6,Japan,Asia,2019,no,Endemicum,non-TPA,TEN,G (resistant),A (sensitive),NA,NA,NA,NA
Japan328x,CP073514.1,125,Japan,Asia,2019,no,Pallidum,SS14,SS14 Omega - East Asia,A (sensitive),A (sensitive),1,NovelH,8,NovelD
Japan329,CP073513.1,161,Japan,Asia,2019,no,Pallidum,SS14,SS14 Omega - East Asia,G (resistant),A (sensitive),1,1,8,3
Japan331,CP073512.1,208,Japan,Asia,2019,no,Pallidum,SS14,SS14 Omega,G (resistant),A (sensitive),1,3,1,1
Japan332,CP073511.1,169,Japan,Asia,2019,no,Pallidum,SS14,SS14 Omega - East Asia,G (resistant),A (sensitive),1,1,8,3
Japan337,CP073510.1,151,Japan,Asia,2019,no,Pallidum,SS14,SS14 Omega - East Asia,G (resistant),A (sensitive),1,1,8,3
Japan338xei,CP073509.1,28,Japan,Asia,2019,no,Pallidum,Nichols,Nichols C,G (resistant),A (sensitive),3,2,3,6
Japan339,CP073508.1,150,Japan,Asia,2019,no,Pallidum,SS14,SS14 Omega - East Asia,G (resistant),A (sensitive),1,1,8,3
Japan342e,CP073507.1,153,Japan,Asia,2019,no,Pallidum,SS14,SS14 Omega - East Asia,G (resistant),A (sensitive),1,1,8,3
Japan343,CP073506.1,142,Japan,Asia,2019,no,Pallidum,SS14,SS14 Omega - East Asia,G (resistant),A (sensitive),1,1,8,3
Japan344e,CP073505.1,159,Japan,Asia,2019,no,Pallidum,SS14,SS14 Omega - East Asia,G (resistant),A (sensitive),1,1,8,3
Japan345,CP073504.1,168,Japan,Asia,2019,no,Pallidum,SS14,SS14 Omega - East Asia,G (resistant),A (sensitive),1,1,8,3
Japan346e,CP073503.1,3,Japan,Asia,2019,no,Endemicum,non-TPA,TEN,G (resistant),A (sensitive),NA,NA,NA,NA
Japan348,CP073502.1,124,Japan,Asia,2019,no,Pallidum,SS14,SS14 Omega - East Asia,A (sensitive),A (sensitive),1,1,8,3
Japan349,CP073501.1,160,Japan,Asia,2019,no,Pallidum,SS14,SS14 Omega - East Asia,G (resistant),A (sensitive),1,1,8,3
Japan351,CP073500.1,157,Japan,Asia,2019,no,Pallidum,SS14,SS14 Omega - East Asia,G (resistant),A (sensitive),1,1,8,3
Japan352xe,CP073499.1,146,Japan,Asia,2019,no,Pallidum,SS14,SS14 Omega - East Asia,G (resistant),A (sensitive),1,1,8,3
Japan354x,CP073498.1,165,Japan,Asia,2019,no,Pallidum,SS14,SS14 Omega - East Asia,G (resistant),A (sensitive),1,1,8,3
Japan355,CP073497.1,154,Japan,Asia,2019,no,Pallidum,SS14,SS14 Omega - East Asia,G (resistant),A (sensitive),1,1,8,3
Japan356,CP073496.1,158,Japan,Asia,2019,no,Pallidum,SS14,SS14 Omega - East Asia,G (resistant),A (sensitive),1,1,8,3
Japan357,CP073495.1,137,Japan,Asia,2019,no,Pallidum,SS14,SS14 Omega - East Asia,G (resistant),A (sensitive),1,1,8,3
Japan358,CP073494.1,149,Japan,Asia,2020,no,Pallidum,SS14,SS14 Omega - East Asia,G (resistant),A (sensitive),1,1,8,3
Japan360x,CP073493.1,163,Japan,Asia,2020,no,Pallidum,SS14,SS14 Omega - East Asia,G (resistant),A (sensitive),1,1,8,3
Japan361,CP073492.1,145,Japan,Asia,2020,no,Pallidum,SS14,SS14 Omega - East Asia,G (resistant),A (sensitive),1,1,8,3
Japan362x,CP073491.1,170,Japan,Asia,2020,no,Pallidum,SS14,SS14 Omega - East Asia,G (resistant),A (sensitive),1,1,8,3
Japan364,CP073490.1,166,Japan,Asia,2020,no,Pallidum,SS14,SS14 Omega - East Asia,G (resistant),A (sensitive),1,1,8,3
Japan365x,CP073489.1,167,Japan,Asia,2020,no,Pallidum,SS14,SS14 Omega - East Asia,G (resistant),A (sensitive),1,1,8,3
Japan368i,CP073488.1,29,Japan,Asia,2020,no,Pallidum,Nichols,Nichols C,G (resistant),A (sensitive),3,2,3,6
MD06B,CP073487.1,115,USA,Americas,2002,no,Pallidum,SS14,SS14 Mexico,A (sensitive),A (sensitive),1,54,8,74
MD09B,CP073486.1,181,USA,Americas,1998,no,Pallidum,SS14,SS14 Omega,A (sensitive),A (sensitive),1,1,1,2
MD16x,CP073485.1,218,USA,Americas,1998,no,Pallidum,SS14,SS14 Omega,G (resistant),A (sensitive),1,3,1,1
MD18Be,CP073484.1,116,USA,Americas,1998,no,Pallidum,SS14,SS14 Mexico,A (sensitive),A (sensitive),1,Indeterminate,10,Indeterminate
MD20B,CP073483.1,184,USA,Americas,1998,no,Pallidum,SS14,SS14 Omega,A (sensitive),A (sensitive),1,1,1,2
MD22xe,CP073482.1,121,USA,Americas,1999,no,Pallidum,SS14,SS14 Omega - East Asia,A (sensitive),A (sensitive),6,1,3,NovelF
MD24xe,CP073481.1,122,USA,Americas,1999,no,Pallidum,SS14,SS14 Omega - East Asia,A (sensitive),A (sensitive),1,1,3,11
MD25x,CP073480.1,120,USA,Americas,1999,no,Pallidum,SS14,SS14 Omega - East Asia,A (sensitive),A (sensitive),1,1,3,11
MD26x,CP073479.1,179,USA,Americas,1999,no,Pallidum,SS14,SS14 Omega,A (sensitive),A (sensitive),1,1,1,2
MD507x,CP073478.1,187,USA,Americas,1998,no,Pallidum,SS14,SS14 Omega,A (sensitive),A (sensitive),1,1,1,2
MD51x,CP073477.1,182,USA,Americas,2000,no,Pallidum,SS14,SS14 Omega,A (sensitive),A (sensitive),1,1,1,2
MD521B,CP073476.1,201,USA,Americas,2001,no,Pallidum,SS14,SS14 Omega,A (sensitive),A (sensitive),1,1,1,2
MD530xe,CP073475.1,119,USA,Americas,2000,no,Pallidum,SS14,SS14 Omega - East Asia,A (sensitive),A (sensitive),1,1,3,11
MD536x,CP073474.1,183,USA,Americas,2001,no,Pallidum,SS14,SS14 Omega,A (sensitive),A (sensitive),1,1,1,2
MD57x,CP073473.1,186,USA,Americas,2000,no,Pallidum,SS14,SS14 Omega,A (sensitive),A (sensitive),1,1,1,2
NC_016842_TPE_SamoaD,CP073472.1,11,Samoa,Australia & Pacific Islands,1953,no,Pertenue,non-TPA,TPE,A (sensitive),A (sensitive),NA,NA,NA,NA
NC_016843_TPE_Gauthier,CP073471.1,10,Congo,Africa,1960,no,Pertenue,non-TPA,TPE,A (sensitive),A (sensitive),NA,NA,NA,NA
NC_016844_TPA_DAL1,CP073470.1,24,USA,Americas,1991,no,Pallidum,Nichols,Nichols D Lab Strains,A (sensitive),A (sensitive),11,14,10,22
NC_016848_TPE_CDC2,CP073469.1,7,Ghana,Africa,1980,no,Pertenue,non-TPA,TPE,A (sensitive),A (sensitive),NA,NA,NA,NA
NC_017268_TPA_Chicago,CP073468.1,19,USA,Americas,1951,no,Pallidum,Nichols,Nichols D Lab Strains,A (sensitive),A (sensitive),10,14,10,20
NC_018722_TPA_MexicoA,CP073467.1,117,Mexico,Americas,1953,no,Pallidum,SS14,SS14 Mexico,A (sensitive),A (sensitive),1,13,10,21
NC_021179_TP_FB,CP073466.1,8,Guinea,Africa,1966,no,Pertenue,non-TPA,TPE,A (sensitive),A (sensitive),NA,NA,NA,NA
NC_021490_TPA_Nichols,CP073465.1,21,USA,Americas,1912,no,Pallidum,Nichols,Nichols D Lab Strains,A (sensitive),A (sensitive),10,14,10,20
NC_021508_TPA_SS14,CP073464.1,118,USA,Americas,1977,no,Pallidum,SS14,SS14 Omega,G (resistant),A (sensitive),1,1,10,19
NZ_CP007548_TEN_BosniaA,CP073463.1,1,Bosnia,Europe,1950,no,Endemicum,non-TPA,TEN,A (sensitive),A (sensitive),NA,NA,NA,NA
NZ_CP010422_TPA_SeaNich,CP073462.1,25,USA,Americas,1912,no,Pallidum,Nichols,Nichols D Lab Strains,A (sensitive),A (sensitive),11,14,10,22
NZ_CP010559_TPA_CDCA,CP073461.1,20,USA,Americas,1912,no,Pallidum,Nichols,Nichols D Lab Strains,A (sensitive),A (sensitive),NovelC,14,10,NovelS
NZ_CP016045_TPA_PT_SIF0697,CP073460.1,177,Portugal,Europe,2009,no,Pallidum,SS14,SS14 Omega,A (sensitive),A (sensitive),1,1,1,2
NZ_CP016046_TPA_PT_SIF0751,CP073459.1,239,Portugal,Europe,2009,no,Pallidum,SS14,SS14 Omega,G (resistant),A (sensitive),1,3,1,1
NZ_CP016047_TPA_PT_SIF0857,CP073458.1,199,Portugal,Europe,2010,no,Pallidum,SS14,SS14 Omega,A (sensitive),A (sensitive),7,1,9,4
NZ_CP016048_TPA_PT_SIF0877_3,CP073457.1,249,Portugal,Europe,2010,no,Pallidum,SS14,SS14 Omega,G (resistant),A (sensitive),1,3,1,1
NZ_CP016049_TPA_PT_SIF0908,CP073456.1,196,Portugal,Europe,2010,no,Pallidum,SS14,SS14 Omega,G (resistant),A (sensitive),7,1,9,4
NZ_CP016050_TPA_PT_SIF0954,CP073455.1,238,Portugal,Europe,2010,no,Pallidum,SS14,SS14 Omega,G (resistant),A (sensitive),1,3,1,1
NZ_CP016051_TPA_PT_SIF1002,CP073454.1,200,Portugal,Europe,2011,no,Pallidum,SS14,SS14 Omega,G (resistant),A (sensitive),7,1,9,4
NZ_CP016052_TPA_PT_SIF1020,CP073453.1,190,Portugal,Europe,2011,no,Pallidum,SS14,SS14 Omega,G (resistant),A (sensitive),1,1,1,2
NZ_CP016053_TPA_PT_SIF1063,CP073452.1,188,Portugal,Europe,2013,no,Pallidum,SS14,SS14 Omega,A (sensitive),A (sensitive),1,1,1,2
NZ_CP016054_TPA_PT_SIF1127,CP073451.1,235,Portugal,Europe,2013,no,Pallidum,SS14,SS14 Omega,G (resistant),A (sensitive),1,3,1,1
NZ_CP016055_TPA_PT_SIF1135,CP073450.1,191,Portugal,Europe,2013,no,Pallidum,SS14,SS14 Omega,G (resistant),A (sensitive),1,1,1,2
NZ_CP016056_TPA_PT_SIF1140,CP073449.1,204,Portugal,Europe,2013,no,Pallidum,SS14,SS14 Omega,A (sensitive),A (sensitive),1,3,1,1
NZ_CP016057_TPA_PT_SIF1142,CP073448.1,247,Portugal,Europe,2013,no,Pallidum,SS14,SS14 Omega,G (resistant),A (sensitive),1,3,1,1
NZ_CP016058_TPA_PT_SIF1156,CP073447.1,178,Portugal,Europe,2013,no,Pallidum,SS14,SS14 Omega,A (sensitive),A (sensitive),1,1,1,2
NZ_CP016059_TPA_PT_SIF1167,CP073446.1,176,Portugal,Europe,2013,no,Pallidum,SS14,SS14 Omega,A (sensitive),A (sensitive),1,1,1,2
NZ_CP016060_TPA_PT_SIF1183,CP073445.1,236,Portugal,Europe,2013,no,Pallidum,SS14,SS14 Omega,G (resistant),A (sensitive),1,1,1,2
NZ_CP016061_TPA_PT_SIF1196,CP073444.1,197,Portugal,Europe,2013,no,Pallidum,SS14,SS14 Omega,G (resistant),A (sensitive),7,1,9,4
NZ_CP016062_TPA_PT_SIF1200,CP073443.1,237,Portugal,Europe,2013,no,Pallidum,SS14,SS14 Omega,G (resistant),A (sensitive),1,3,1,1
NZ_CP016063_TPA_PT_SIF1142,CP073442.1,198,Portugal,Europe,2014,no,Pallidum,SS14,SS14 Omega,G (resistant),A (sensitive),7,1,9,4
NZ_CP016064_TPA_PT_SIF1252,CP073441.1,250,Portugal,Europe,2014,no,Pallidum,SS14,SS14 Omega,G (resistant),A (sensitive),1,3,1,1
NZ_CP016065_TPA_PT_SIF1261,CP073440.1,246,Portugal,Europe,2014,no,Pallidum,SS14,SS14 Omega,G (resistant),A (sensitive),1,3,1,1
NZ_CP016066_TPA_PT_SIF1278,CP073439.1,251,Portugal,Europe,2014,no,Pallidum,SS14,SS14 Omega,G (resistant),A (sensitive),1,3,1,1
NZ_CP016067_TPA_PT_SIF1280,CP073438.1,240,Portugal,Europe,2014,no,Pallidum,SS14,SS14 Omega,G (resistant),A (sensitive),1,3,1,1
NZ_CP016068_TPA_PT_SIF1299,CP073437.1,248,Portugal,Europe,2014,no,Pallidum,SS14,SS14 Omega,G (resistant),A (sensitive),1,3,1,1
NZ_CP016069_TPA_PT_SIF1348,CP073436.1,234,Portugal,Europe,2014,no,Pallidum,SS14,SS14 Omega,G (resistant),A (sensitive),1,3,1,1
NZ_CP020365_TPE_Ghana051,CP073435.1,12,Ghana,Africa,1988,no,Pertenue,non-TPA,TPE,A (sensitive),A (sensitive),NA,NA,NA,NA
NZ_CP024750_TPE_CDC1,CP073434.1,13,Ghana,Africa,1980,no,Pertenue,non-TPA,TPE,A (sensitive),A (sensitive),NA,NA,NA,NA
NZ_CP032303_TEN_IraqB,CP073433.1,2,Iraq,Asia,1951,no,Endemicum,non-TPA,TEN,A (sensitive),A (sensitive),NA,NA,NA,NA
NZ_CP034912_TPA_CW88,CP073432.1,241,Czech Republic,Europe,2017,no,Pallidum,SS14,SS14 Omega,G (resistant),A (sensitive),1,3,1,1
NZ_CP034913_TPA_CW87,CP073431.1,242,France,Europe,2016,no,Pallidum,SS14,SS14 Omega,G (resistant),A (sensitive),1,23,1,35
NZ_CP034914_TPA_CW86,CP073430.1,15,France,Europe,2013,no,Pallidum,Nichols,Nichols E,A (sensitive),A (sensitive),9,20,3,31
NZ_CP034915_TPA_CW85,CP073429.1,244,France,Europe,2016,no,Pallidum,SS14,SS14 Omega,G (resistant),A (sensitive),1,3,1,1
NZ_CP034916_TPA_CW84,CP073428.1,245,France,Europe,2015,no,Pallidum,SS14,SS14 Omega,G (resistant),A (sensitive),1,3,1,1
NZ_CP034917_TPA_CW83,CP073427.1,73,Cuba,Americas,2015,no,Pallidum,Nichols,Nichols A,A (sensitive),A (sensitive),9,24,8,38
NZ_CP034919_TPA_CW59,CP073426.1,14,France,Europe,2012,no,Pallidum,Nichols,Nichols E,A (sensitive),A (sensitive),9,7,3,26
NZ_CP034920_TPA_CW56,CP073425.1,243,Cuba,Americas,2013,no,Pallidum,SS14,SS14 Omega,G (resistant),A (sensitive),1,3,1,1
NZ_CP034921_TPA_CW30,CP073424.1,203,Czech Republic,Europe,2014,no,Pallidum,SS14,SS14 Omega,A (sensitive),A (sensitive),1,3,1,1
NZ_CP035104_TPA_Grady,CP073423.1,202,USA,Americas,1980,no,Pallidum,SS14,SS14 Omega,A (sensitive),A (sensitive),1,1,1,2
NZ_CP045004_TPA_UW148B2,CP073422.1,233,USA,Americas,2009,no,Pallidum,SS14,SS14 Omega,G (resistant),A (sensitive),1,3,1,1
NZ_CP045005_TPA_UW148B,CP073421.1,193,USA,Americas,2003,no,Pallidum,SS14,SS14 Omega,G (resistant),A (sensitive),22,1,1,NovelM
Peru213041xe,CP073420.1,126,Peru,Americas,2018,yes,Pallidum,SS14,SS14 Omega - East Asia,A (sensitive),A (sensitive),1,Indeterminate,8,Indeterminate
Peru213161xe,CP073419.1,180,Peru,Americas,2018,yes,Pallidum,SS14,SS14 Omega,A (sensitive),A (sensitive),1,1,1,2
Peru214361x,CP073418.1,194,Peru,Americas,2018,yes,Pallidum,SS14,SS14 Omega,G (resistant),A (sensitive),1,1,1,2
Peru214601x,CP073417.1,212,Peru,Americas,2018,yes,Pallidum,SS14,SS14 Omega,G (resistant),A (sensitive),1,3,1,1
PeruB20010x,CP073416.1,211,Peru,Americas,2019,no,Pallidum,SS14,SS14 Omega,G (resistant),A (sensitive),1,3,1,1
PeruC10010x,CP073415.1,222,Peru,Americas,2019,no,Pallidum,SS14,SS14 Omega,G (resistant),A (sensitive),1,NovelF,1,NovelC
PeruC10050xe,CP073414.1,195,Peru,Americas,2019,no,Pallidum,SS14,SS14 Omega,G (resistant),A (sensitive),Indeterminate,1,1,Indeterminate
PeruC40020xe,CP073413.1,214,Peru,Americas,2019,no,Pallidum,SS14,SS14 Omega,G (resistant),A (sensitive),6,3,1,13
PeruC40040x,CP073412.1,209,Peru,Americas,2019,no,Pallidum,SS14,SS14 Omega,G (resistant),A (sensitive),1,3,1,1
Tube7Lihire,CP073411.1,9,Papua New Guinea,Australia & Pacific Islands,2015,yes,Pertenue,non-TPA,TPE,A (sensitive),A (sensitive),NA,NA,NA,NA
UAB12xi,CP073410.1,40,Madagascar,Africa,2000,yes,Pallidum,Nichols,Nichols B,A (sensitive),A (sensitive),NovelB,2,3,NovelO
UAB160xe,CP073409.1,71,Madagascar,Africa,2001,yes,Pallidum,Nichols,Nichols A,A (sensitive),A (sensitive),9,2,10,NovelG
UAB162xi,CP073408.1,36,Madagascar,Africa,2002,yes,Pallidum,Nichols,Nichols B,A (sensitive),A (sensitive),NovelB,2,3,NovelO
UAB164xei,CP073407.1,74,Madagascar,Africa,2002,yes,Pallidum,Nichols,Nichols A,A (sensitive),A (sensitive),NovelC,24,10,NovelT
UAB165xi,CP073406.1,83,Madagascar,Africa,2002,yes,Pallidum,Nichols,Nichols A,A (sensitive),A (sensitive),9,24,10,NovelI
UAB166xe,CP073405.1,66,Madagascar,Africa,2002,yes,Pallidum,Nichols,Nichols A,A (sensitive),A (sensitive),9,2,10,NovelG
UAB167xei,CP073404.1,51,Madagascar,Africa,2002,yes,Pallidum,Nichols,Nichols B,A (sensitive),A (sensitive),NovelD,2,10,NovelV
UAB16xi,CP073403.1,80,Madagascar,Africa,2000,yes,Pallidum,Nichols,Nichols A,A (sensitive),A (sensitive),9,24,10,NovelI
UAB178ei,CP073402.1,106,Madagascar,Africa,2002,yes,Pallidum,Nichols,Nichols A,A (sensitive),A (sensitive),NovelC,24,Indeterminate,Indeterminate
UAB17x,CP073401.1,68,Madagascar,Africa,2000,yes,Pallidum,Nichols,Nichols A,A (sensitive),A (sensitive),9,2,10,NovelG
UAB191xei,CP073400.1,107,Madagascar,Africa,2002,yes,Pallidum,Nichols,Nichols A,A (sensitive),A (sensitive),9,24,10,NovelI
UAB193i,CP073399.1,57,Madagascar,Africa,2002,yes,Pallidum,Nichols,Nichols B,A (sensitive),A (sensitive),NovelB,2,10,NovelP
UAB194xi,CP073398.1,43,Madagascar,Africa,2002,yes,Pallidum,Nichols,Nichols B,A (sensitive),A (sensitive),NovelB,2,3,NovelO
UAB195xi,CP073397.1,47,Madagascar,Africa,2002,yes,Pallidum,Nichols,Nichols B,A (sensitive),A (sensitive),NovelB,2,10,NovelP
UAB197i,CP073396.1,48,Madagascar,Africa,2002,yes,Pallidum,Nichols,Nichols B,A (sensitive),A (sensitive),NovelB,2,10,NovelP
UAB202xi,CP073395.1,50,Madagascar,Africa,2002,yes,Pallidum,Nichols,Nichols B,A (sensitive),A (sensitive),NovelB,2,10,NovelP
UAB203i,CP073394.1,46,Madagascar,Africa,2002,yes,Pallidum,Nichols,Nichols B,A (sensitive),A (sensitive),NovelB,2,10,NovelP
UAB204xe,CP073393.1,69,Madagascar,Africa,2002,yes,Pallidum,Nichols,Nichols A,A (sensitive),A (sensitive),9,2,10,NovelG
UAB211i,CP073392.1,63,Madagascar,Africa,2002,yes,Pallidum,Nichols,Nichols A,A (sensitive),A (sensitive),9,14,10,NovelH
UAB216i,CP073391.1,75,Madagascar,Africa,2003,yes,Pallidum,Nichols,Nichols A,A (sensitive),A (sensitive),9,24,10,NovelI
UAB218i,CP073390.1,76,Madagascar,Africa,2003,yes,Pallidum,Nichols,Nichols A,A (sensitive),A (sensitive),9,24,10,NovelI
UAB229xe,CP073389.1,65,Madagascar,Africa,2003,yes,Pallidum,Nichols,Nichols A,A (sensitive),A (sensitive),9,2,10,NovelG
UAB231i,CP073388.1,38,Madagascar,Africa,2003,yes,Pallidum,Nichols,Nichols B,A (sensitive),A (sensitive),NovelB,2,3,NovelO
UAB236i,CP073387.1,49,Madagascar,Africa,2003,yes,Pallidum,Nichols,Nichols B,A (sensitive),A (sensitive),NovelB,2,10,NovelP
UAB237,CP073386.1,72,Madagascar,Africa,2003,yes,Pallidum,Nichols,Nichols A,A (sensitive),A (sensitive),NovelC,2,10,NovelR
UAB263xi,CP073385.1,108,Madagascar,Africa,2003,yes,Pallidum,Nichols,Nichols A,A (sensitive),A (sensitive),9,24,10,NovelI
UAB266i,CP073384.1,97,Madagascar,Africa,2003,yes,Pallidum,Nichols,Nichols A,A (sensitive),A (sensitive),9,24,10,NovelI
UAB267i,CP073383.1,99,Madagascar,Africa,2003,yes,Pallidum,Nichols,Nichols A,A (sensitive),A (sensitive),9,24,10,NovelI
UAB268xi,CP073382.1,104,Madagascar,Africa,2003,yes,Pallidum,Nichols,Nichols A,A (sensitive),A (sensitive),9,24,10,NovelI
UAB275i,CP073381.1,98,Madagascar,Africa,2003,yes,Pallidum,Nichols,Nichols A,A (sensitive),A (sensitive),9,24,10,NovelI
UAB276i,,100,Madagascar,Africa,2003,yes,Pallidum,Nichols,Nichols A,A (sensitive),G (resistant),9,24,10,NovelI
UAB278i,,101,Madagascar,Africa,2003,yes,Pallidum,Nichols,Nichols A,A (sensitive),A (sensitive),9,24,10,NovelI
UAB28xi,,90,Madagascar,Africa,2000,yes,Pallidum,Nichols,Nichols A,A (sensitive),A (sensitive),9,NovelA,10,NovelJ
UAB38xi,,61,Madagascar,Africa,2000,yes,Pallidum,Nichols,Nichols A,A (sensitive),A (sensitive),9,2,10,NovelG
UAB40xi,,59,Madagascar,Africa,2000,yes,Pallidum,Nichols,Nichols B,A (sensitive),A (sensitive),NovelB,NovelE,10,NovelQ
UAB44xi,,56,Madagascar,Africa,2000,yes,Pallidum,Nichols,Nichols B,A (sensitive),A (sensitive),NovelB,2,10,NovelP
UAB46xei,,30,Madagascar,Africa,2000,yes,Pallidum,Nichols,Nichols B,A (sensitive),A (sensitive),NovelD,2,Indeterminate,Indeterminate
UAB49xi,,33,Madagascar,Africa,2000,yes,Pallidum,Nichols,Nichols B,A (sensitive),A (sensitive),NovelD,2,10,NovelV
UAB501,,94,Madagascar,Africa,2003,yes,Pallidum,Nichols,Nichols A,A (sensitive),A (sensitive),9,NovelG,10,NovelL
UAB503i,,109,Madagascar,Africa,2006,yes,Pallidum,Nichols,Nichols A,A (sensitive),A (sensitive),9,24,10,NovelI
UAB504xi,,112,Madagascar,Africa,2006,yes,Pallidum,Nichols,Nichols A,A (sensitive),A (sensitive),9,24,10,NovelI
UAB505ei,,102,Madagascar,Africa,2006,yes,Pallidum,Nichols,Nichols A,A (sensitive),A (sensitive),9,24,10,NovelI
UAB507ei,,113,Madagascar,Africa,2006,yes,Pallidum,Nichols,Nichols A,A (sensitive),A (sensitive),9,24,10,NovelI
UAB508,,95,Madagascar,Africa,2006,yes,Pallidum,Nichols,Nichols A,A (sensitive),A (sensitive),9,NovelG,10,NovelL
UAB509ei,,52,Madagascar,Africa,2006,yes,Pallidum,Nichols,Nichols B,A (sensitive),A (sensitive),NovelB,2,10,NovelP
UAB510i,,88,Madagascar,Africa,2006,yes,Pallidum,Nichols,Nichols A,A (sensitive),A (sensitive),9,24,10,NovelI
UAB511xi,,62,Madagascar,Africa,2006,yes,Pallidum,Nichols,Nichols A,A (sensitive),A (sensitive),NovelF,2,10,NovelZ
UAB512x,,31,Madagascar,Africa,2006,yes,Pallidum,Nichols,Nichols B,A (sensitive),A (sensitive),NovelB,2,10,NovelP
UAB515xi,,114,Madagascar,Africa,2006,yes,Pallidum,Nichols,Nichols A,A (sensitive),A (sensitive),9,24,10,NovelI
UAB516xi,,77,Madagascar,Africa,2006,yes,Pallidum,Nichols,Nichols A,A (sensitive),A (sensitive),9,24,10,NovelI
UAB521xi,,78,Madagascar,Africa,2006,yes,Pallidum,Nichols,Nichols A,A (sensitive),A (sensitive),9,24,10,NovelI
UAB522x,,135,Madagascar,Africa,2006,yes,Pallidum,SS14,SS14 Omega - East Asia,G (resistant),A (sensitive),NovelE,1,8,NovelY
UAB523x,,105,Madagascar,Africa,2006,yes,Pallidum,Nichols,Nichols A,A (sensitive),A (sensitive),Indeterminate,24,10,Indeterminate
UAB525xe,,111,Madagascar,Africa,2006,yes,Pallidum,Nichols,Nichols A,A (sensitive),A (sensitive),9,Indeterminate,10,Indeterminate
UAB526xi,,89,Madagascar,Africa,2006,yes,Pallidum,Nichols,Nichols A,A (sensitive),A (sensitive),NovelC,24,10,NovelT
UAB528ei,,53,Madagascar,Africa,2006,yes,Pallidum,Nichols,Nichols B,A (sensitive),A (sensitive),NovelA,2,10,NovelN
UAB529i,,58,Madagascar,Africa,2006,yes,Pallidum,Nichols,Nichols B,A (sensitive),A (sensitive),NovelB,NovelE,10,NovelQ
UAB52xi,,91,Madagascar,Africa,2001,yes,Pallidum,Nichols,Nichols A,A (sensitive),A (sensitive),Indeterminate,NovelA,10,Indeterminate
UAB530i,,37,Madagascar,Africa,2006,yes,Pallidum,Nichols,Nichols B,A (sensitive),A (sensitive),NovelB,2,3,NovelO
UAB531i,,87,Madagascar,Africa,2006,yes,Pallidum,Nichols,Nichols A,A (sensitive),A (sensitive),NovelC,24,10,NovelT
UAB532xi,,45,Madagascar,Africa,2006,yes,Pallidum,Nichols,Nichols B,A (sensitive),A (sensitive),NovelB,2,10,NovelP
UAB533i,,110,Madagascar,Africa,2006,yes,Pallidum,Nichols,Nichols A,A (sensitive),A (sensitive),9,24,10,NovelI
UAB534xi,,103,Madagascar,Africa,2006,yes,Pallidum,Nichols,Nichols A,A (sensitive),A (sensitive),9,24,10,NovelI
UAB535i,,54,Madagascar,Africa,2006,yes,Pallidum,Nichols,Nichols B,A (sensitive),A (sensitive),NovelB,2,10,NovelP
UAB538xi,,55,Madagascar,Africa,2007,yes,Pallidum,Nichols,Nichols B,A (sensitive),A (sensitive),NovelB,2,10,NovelP
UAB545ei,,82,Madagascar,Africa,2006,yes,Pallidum,Nichols,Nichols A,A (sensitive),A (sensitive),9,24,10,NovelI
UAB546i,,44,Madagascar,Africa,2007,yes,Pallidum,Nichols,Nichols B,A (sensitive),A (sensitive),NovelB,2,3,NovelO
UAB547xei,,35,Madagascar,Africa,2007,yes,Pallidum,Nichols,Nichols B,A (sensitive),A (sensitive),NovelD,2,3,NovelU
UAB549xe,,39,Madagascar,Africa,2007,yes,Pallidum,Nichols,Nichols B,A (sensitive),A (sensitive),NovelB,2,3,NovelO
UAB54xi,,42,Madagascar,Africa,2001,yes,Pallidum,Nichols,Nichols B,A (sensitive),A (sensitive),NovelB,2,3,NovelO
UAB551xi,,84,Madagascar,Africa,2007,yes,Pallidum,Nichols,Nichols A,A (sensitive),A (sensitive),9,24,10,NovelI
UAB552x,,70,Madagascar,Africa,2007,yes,Pallidum,Nichols,Nichols A,A (sensitive),A (sensitive),Indeterminate,2,10,Indeterminate
UAB553xei,,85,Madagascar,Africa,2007,yes,Pallidum,Nichols,Nichols A,A (sensitive),A (sensitive),Indeterminate,24,10,Indeterminate
UAB554xi,,64,Madagascar,Africa,2007,yes,Pallidum,Nichols,Nichols A,A (sensitive),A (sensitive),Indeterminate,14,10,Indeterminate
UAB60i,,96,Madagascar,Africa,2001,yes,Pallidum,Nichols,Nichols A,A (sensitive),A (sensitive),9,24,10,NovelI
UAB61xei,,93,Madagascar,Africa,2001,yes,Pallidum,Nichols,Nichols A,A (sensitive),A (sensitive),Indeterminate,Indeterminate,10,Indeterminate
UAB62i,,86,Madagascar,Africa,2001,yes,Pallidum,Nichols,Nichols A,A (sensitive),A (sensitive),9,24,10,NovelI
UAB67xi,,41,Madagascar,Africa,2001,yes,Pallidum,Nichols,Nichols B,A (sensitive),A (sensitive),NovelB,2,3,NovelO
UAB69i,,92,Madagascar,Africa,2001,yes,Pallidum,Nichols,Nichols A,A (sensitive),A (sensitive),9,NovelA,10,NovelJ
UAB6xi,,81,Madagascar,Africa,2001,yes,Pallidum,Nichols,Nichols A,A (sensitive),A (sensitive),9,24,10,NovelI
UAB71i,,79,Madagascar,Africa,2001,yes,Pallidum,Nichols,Nichols A,A (sensitive),A (sensitive),9,24,10,NovelI
UAB75,,67,Madagascar,Africa,2001,yes,Pallidum,Nichols,Nichols A,A (sensitive),A (sensitive),9,2,10,NovelG
UAB76xei,,60,Madagascar,Africa,2001,yes,Pallidum,Nichols,Nichols B,A (sensitive),A (sensitive),NovelD,NovelE,10,NovelX
UAB81xi,,32,Madagascar,Africa,2001,yes,Pallidum,Nichols,Nichols B,A (sensitive),A (sensitive),NovelB,2,10,NovelP
UAB89xi,,34,Madagascar,Africa,2001,yes,Pallidum,Nichols,Nichols B,A (sensitive),A (sensitive),NovelB,2,10,NovelP
