Genome,Lineage,Pangenome,PopPUNK,CoreSNPs,TrimmedPhylo
GCA_000008605,Nichols,TRUE,TRUE,TRUE,TRUE
GCA_000017825,SS14,TRUE,TRUE,TRUE,TRUE
GCA_000024485,Nichols,TRUE,TRUE,TRUE,FALSE
GCA_000246755,TPE,TRUE,TRUE,TRUE,TRUE
GCA_000246775,TPE,TRUE,TRUE,TRUE,TRUE
GCA_000246795,TPE,TRUE,TRUE,TRUE,TRUE
GCA_000246815,Nichols,TRUE,TRUE,TRUE,TRUE
GCA_000304295,SS14,TRUE,TRUE,TRUE,TRUE
GCA_000387485,TPE,TRUE,TRUE,TRUE,TRUE
GCA_000410535,Nichols,TRUE,TRUE,TRUE,FALSE
GCA_000410555,SS14,TRUE,TRUE,TRUE,FALSE
GCA_000604125,Nichols,TRUE,TRUE,TRUE,TRUE
GCA_000813285,TEN,TRUE,TRUE,TRUE,TRUE
GCA_001628695,SS14,TRUE,TRUE,TRUE,FALSE
GCA_001655235,Nichols,TRUE,TRUE,TRUE,FALSE
GCA_001655275,Nichols,TRUE,TRUE,TRUE,TRUE
GCA_001655315,Nichols,TRUE,TRUE,TRUE,TRUE
GCA_001655355,Nichols,TRUE,TRUE,TRUE,FALSE
GCA_001655395,SS14,TRUE,TRUE,TRUE,FALSE
GCA_001655435,Nichols,TRUE,TRUE,TRUE,TRUE
GCA_001655475,SS14,TRUE,TRUE,TRUE,FALSE
GCA_001655515,SS14,TRUE,TRUE,TRUE,FALSE
GCA_001655555,SS14,TRUE,TRUE,TRUE,FALSE
GCA_001712895,SS14,TRUE,TRUE,TRUE,FALSE
GCA_001712915,SS14,TRUE,TRUE,TRUE,FALSE
GCA_001712935,SS14,TRUE,TRUE,TRUE,FALSE
GCA_001712955,SS14,TRUE,TRUE,TRUE,FALSE
GCA_001712975,SS14,TRUE,TRUE,TRUE,FALSE
GCA_001712995,SS14,TRUE,TRUE,TRUE,FALSE
GCA_001713015,SS14,TRUE,TRUE,TRUE,FALSE
GCA_001713035,SS14,TRUE,TRUE,TRUE,FALSE
GCA_001713055,SS14,TRUE,TRUE,TRUE,FALSE
GCA_001713075,SS14,TRUE,TRUE,TRUE,TRUE
GCA_001713095,SS14,TRUE,TRUE,TRUE,FALSE
GCA_001713115,SS14,TRUE,TRUE,TRUE,FALSE
GCA_001713135,SS14,TRUE,TRUE,TRUE,FALSE
GCA_001713155,SS14,TRUE,TRUE,TRUE,FALSE
GCA_001713175,SS14,TRUE,TRUE,TRUE,FALSE
GCA_001713195,SS14,TRUE,TRUE,TRUE,FALSE
GCA_001713215,SS14,TRUE,TRUE,TRUE,FALSE
GCA_001713235,SS14,TRUE,TRUE,TRUE,FALSE
GCA_001713255,SS14,TRUE,TRUE,TRUE,FALSE
GCA_001713275,SS14,TRUE,TRUE,TRUE,FALSE
GCA_001713295,SS14,TRUE,TRUE,TRUE,FALSE
GCA_001713315,SS14,TRUE,TRUE,TRUE,FALSE
GCA_001713335,SS14,TRUE,TRUE,TRUE,FALSE
GCA_001761515,SS14,TRUE,TRUE,TRUE,FALSE
GCA_001761565,SS14,TRUE,TRUE,TRUE,FALSE
GCA_001941545,Nichols,TRUE,TRUE,TRUE,TRUE
GCA_002271195,TPE,TRUE,TRUE,TRUE,FALSE
GCA_002271235,TPE,TRUE,TRUE,TRUE,FALSE
GCA_003055985,SS14,TRUE,TRUE,TRUE,FALSE
GCA_003076575,TPE,TRUE,TRUE,TRUE,FALSE
GCA_003611295,TPE,TRUE,TRUE,TRUE,FALSE
GCA_003611315,TPE,TRUE,TRUE,TRUE,TRUE
GCA_003627115,Nichols,TRUE,TRUE,TRUE,FALSE
GCA_003952805,TPE,TRUE,TRUE,TRUE,TRUE
GCA_004194495,TEN,TRUE,TRUE,TRUE,TRUE
GCA_005311045,SS14,TRUE,TRUE,TRUE,FALSE
GCA_005311065,Nichols,TRUE,TRUE,TRUE,FALSE
GCA_005311085,Nichols,TRUE,TRUE,TRUE,FALSE
GCA_005311105,Nichols,TRUE,TRUE,TRUE,TRUE
GCA_005311125,Nichols,TRUE,TRUE,TRUE,TRUE
GCA_005311145,SS14,TRUE,TRUE,TRUE,FALSE
GCA_005311165,SS14,TRUE,TRUE,TRUE,FALSE
GCA_005311185,SS14,TRUE,TRUE,TRUE,FALSE
GCA_005311205,SS14,TRUE,TRUE,TRUE,FALSE
GCA_005311445,Nichols,TRUE,TRUE,TRUE,TRUE
GCA_005341485,SS14,TRUE,TRUE,TRUE,TRUE
GCA_005408385,SS14,TRUE,TRUE,TRUE,FALSE
GCA_005408405,SS14,TRUE,TRUE,TRUE,FALSE
GCA_005885795,SS14,TRUE,TRUE,TRUE,FALSE
GCA_009017435,SS14,TRUE,TRUE,TRUE,FALSE
GCA_009017475,SS14,TRUE,TRUE,TRUE,FALSE
GCA_015239315,SS14,TRUE,TRUE,TRUE,FALSE
GCA_015239335,SS14,TRUE,TRUE,TRUE,TRUE
GCA_015239355,SS14,TRUE,TRUE,TRUE,TRUE
GCA_015239375,SS14,TRUE,TRUE,TRUE,TRUE
GCA_015239395,SS14,TRUE,TRUE,TRUE,TRUE
GCA_015239415,Nichols,TRUE,TRUE,TRUE,FALSE
GCA_018199035,SS14,TRUE,TRUE,TRUE,FALSE
GCA_018199075,SS14,TRUE,TRUE,TRUE,FALSE
GCA_018199115,Nichols,TRUE,TRUE,TRUE,FALSE
GCA_018199255,SS14,TRUE,TRUE,TRUE,FALSE
GCA_018199335,SS14,TRUE,TRUE,TRUE,FALSE
GCA_018199375,SS14,TRUE,TRUE,TRUE,FALSE
GCA_018199415,Nichols,TRUE,TRUE,TRUE,FALSE
GCA_018199435,SS14,TRUE,TRUE,TRUE,FALSE
GCA_018199455,SS14,TRUE,TRUE,TRUE,FALSE
GCA_018199475,SS14,TRUE,TRUE,TRUE,TRUE
GCA_018199495,SS14,TRUE,TRUE,TRUE,FALSE
GCA_018199515,SS14,TRUE,TRUE,TRUE,FALSE
GCA_018199535,SS14,TRUE,TRUE,TRUE,FALSE
GCA_018199555,SS14,TRUE,TRUE,TRUE,FALSE
GCA_018199575,SS14,TRUE,TRUE,TRUE,FALSE
GCA_018199595,SS14,TRUE,TRUE,TRUE,FALSE
GCA_018199615,SS14,TRUE,TRUE,TRUE,FALSE
GCA_018199635,SS14,TRUE,TRUE,TRUE,FALSE
GCA_018199735,SS14,TRUE,TRUE,TRUE,FALSE
GCA_018199835,SS14,TRUE,TRUE,TRUE,TRUE
GCA_018199875,SS14,TRUE,TRUE,TRUE,FALSE
GCA_018199895,SS14,TRUE,TRUE,TRUE,FALSE
GCA_018199915,SS14,TRUE,TRUE,TRUE,FALSE
GCA_018199935,SS14,TRUE,TRUE,TRUE,TRUE
GCA_018200055,Nichols,TRUE,TRUE,TRUE,FALSE
GCA_018200075,Nichols,TRUE,TRUE,TRUE,FALSE
GCA_018200095,SS14,TRUE,TRUE,TRUE,FALSE
GCA_018200115,Nichols,TRUE,TRUE,TRUE,TRUE
GCA_018200135,Nichols - Madagascar,TRUE,TRUE,TRUE,FALSE
GCA_018200155,Nichols,TRUE,TRUE,TRUE,FALSE
GCA_018200175,Nichols - Madagascar,TRUE,TRUE,TRUE,TRUE
GCA_018200195,Nichols - Madagascar,TRUE,TRUE,TRUE,FALSE
GCA_018200355,Nichols,TRUE,TRUE,TRUE,FALSE
GCA_018200375,Nichols,TRUE,TRUE,TRUE,FALSE
GCA_018200445,Nichols,TRUE,TRUE,TRUE,FALSE
GCA_018200535,Nichols,TRUE,TRUE,TRUE,FALSE
GCA_018200635,Nichols - Madagascar,TRUE,TRUE,TRUE,FALSE
GCA_018200675,SS14,TRUE,TRUE,TRUE,FALSE
GCA_018200795,Nichols,TRUE,TRUE,TRUE,FALSE
GCA_018200875,Nichols,TRUE,TRUE,TRUE,FALSE
GCA_018200935,Nichols,TRUE,TRUE,TRUE,FALSE
GCA_018200975,Nichols,TRUE,TRUE,TRUE,FALSE
GCA_018201115,Nichols,TRUE,TRUE,TRUE,FALSE
GCA_018201195,Nichols,TRUE,TRUE,TRUE,FALSE
GCA_018201215,Nichols,TRUE,TRUE,TRUE,FALSE
GCA_018201235,Nichols,TRUE,TRUE,TRUE,FALSE
GCA_018201255,Nichols - Madagascar,TRUE,TRUE,TRUE,FALSE
GCA_018201275,Nichols,TRUE,TRUE,TRUE,FALSE
GCA_018201295,Nichols,TRUE,TRUE,TRUE,FALSE
GCA_018201315,Nichols - Madagascar,TRUE,TRUE,TRUE,FALSE
GCA_018201335,Nichols - Madagascar,TRUE,TRUE,TRUE,TRUE
GCA_018201355,Nichols - Madagascar,TRUE,TRUE,TRUE,FALSE
GCA_018201375,Nichols - Madagascar,TRUE,TRUE,TRUE,FALSE
GCA_018201395,Nichols - Madagascar,TRUE,TRUE,TRUE,TRUE
GCA_018201475,Nichols - Madagascar,TRUE,TRUE,TRUE,FALSE
GCA_018201615,Nichols,TRUE,TRUE,TRUE,TRUE
GCA_018201755,Nichols,TRUE,TRUE,TRUE,FALSE
GCA_018201795,Nichols - Madagascar,TRUE,TRUE,TRUE,FALSE
GCA_018201895,SS14,TRUE,TRUE,TRUE,FALSE
GCA_018201915,SS14,TRUE,TRUE,TRUE,FALSE
GCA_018202035,Nichols,TRUE,TRUE,TRUE,FALSE
GCA_018202155,Nichols,TRUE,TRUE,TRUE,FALSE
GCA_018202175,Nichols - Madagascar,TRUE,TRUE,TRUE,FALSE
GCA_018202195,Nichols - Madagascar,TRUE,TRUE,TRUE,FALSE
GCA_018202215,SS14,TRUE,TRUE,TRUE,FALSE
GCA_018202235,Nichols,TRUE,TRUE,TRUE,FALSE
GCA_018202255,SS14,TRUE,TRUE,TRUE,FALSE
GCA_018202275,Nichols - Madagascar,TRUE,TRUE,TRUE,TRUE
GCA_018202295,Nichols,TRUE,TRUE,TRUE,FALSE
GCA_018202315,SS14,TRUE,TRUE,TRUE,FALSE
GCA_018202515,Nichols,TRUE,TRUE,TRUE,FALSE
GCA_018202535,SS14,TRUE,TRUE,TRUE,FALSE
GCA_018202555,Nichols - Madagascar,TRUE,TRUE,TRUE,FALSE
GCA_018202575,SS14,TRUE,TRUE,TRUE,FALSE
GCA_018202595,Nichols - Madagascar,TRUE,TRUE,TRUE,FALSE
GCA_018202615,Nichols,TRUE,TRUE,TRUE,FALSE
GCA_018202635,SS14,TRUE,TRUE,TRUE,FALSE
GCA_018202655,Nichols,TRUE,TRUE,TRUE,FALSE
GCA_018202675,Nichols,TRUE,TRUE,TRUE,FALSE
GCA_018202695,SS14,TRUE,TRUE,TRUE,TRUE
GCA_018202715,Nichols,TRUE,TRUE,TRUE,FALSE
GCA_018202735,Nichols,TRUE,TRUE,TRUE,FALSE
GCA_018202755,Nichols,TRUE,TRUE,TRUE,FALSE
GCA_018202775,Nichols,TRUE,TRUE,TRUE,FALSE
GCA_018202795,Nichols,TRUE,TRUE,TRUE,FALSE
GCA_018202815,Nichols,TRUE,TRUE,TRUE,FALSE
GCA_018202835,Nichols - Madagascar,TRUE,TRUE,TRUE,FALSE
GCA_018202855,Nichols - Madagascar,TRUE,TRUE,TRUE,TRUE
GCA_018202875,Nichols - Madagascar,TRUE,TRUE,TRUE,FALSE
GCA_018202895,Nichols - Madagascar,TRUE,TRUE,TRUE,FALSE
GCA_018202915,SS14,TRUE,TRUE,TRUE,FALSE
GCA_018202935,SS14,TRUE,TRUE,TRUE,FALSE
GCA_018202955,Nichols,TRUE,TRUE,TRUE,TRUE
GCA_018202975,SS14,TRUE,TRUE,TRUE,FALSE
GCA_018202995,Nichols,TRUE,TRUE,TRUE,FALSE
GCA_018203015,SS14,TRUE,TRUE,TRUE,TRUE
GCA_018203035,Nichols,TRUE,TRUE,TRUE,FALSE
GCA_018203055,Nichols,TRUE,TRUE,TRUE,FALSE
GCA_018203075,Nichols,TRUE,TRUE,TRUE,FALSE
GCA_018203095,Nichols,TRUE,TRUE,TRUE,FALSE
GCA_018203115,Nichols,TRUE,TRUE,TRUE,FALSE
GCA_018203135,SS14,TRUE,TRUE,TRUE,FALSE
GCA_018203155,Nichols,TRUE,TRUE,TRUE,FALSE
GCA_018203175,Nichols,TRUE,TRUE,TRUE,FALSE
GCA_018203195,Nichols,TRUE,TRUE,TRUE,FALSE
GCA_018203215,Nichols,TRUE,TRUE,TRUE,TRUE
GCA_018203235,Nichols,TRUE,TRUE,TRUE,FALSE
GCA_018203255,Nichols - Madagascar,TRUE,TRUE,TRUE,FALSE
GCA_018203275,Nichols - Madagascar,TRUE,TRUE,TRUE,TRUE
GCA_018203295,Nichols - Madagascar,TRUE,TRUE,TRUE,FALSE
GCA_018203315,Nichols - Madagascar,TRUE,TRUE,TRUE,FALSE
GCA_018203335,Nichols - Madagascar,TRUE,TRUE,TRUE,FALSE
GCA_018203355,Nichols - Madagascar,TRUE,TRUE,TRUE,FALSE
GCA_018203375,Nichols,TRUE,TRUE,TRUE,FALSE
GCA_018203395,Nichols,TRUE,TRUE,TRUE,FALSE
GCA_018203415,Nichols,TRUE,TRUE,TRUE,FALSE
GCA_018203435,Nichols - Madagascar,TRUE,TRUE,TRUE,FALSE
GCA_018203455,Nichols,TRUE,TRUE,TRUE,FALSE
GCA_018203475,Nichols,TRUE,TRUE,TRUE,FALSE
GCA_018203495,Nichols,TRUE,TRUE,TRUE,TRUE
GCA_018203515,Nichols,TRUE,TRUE,TRUE,FALSE
GCA_018203535,Nichols,TRUE,TRUE,TRUE,TRUE
GCA_018203555,Nichols - Madagascar,TRUE,TRUE,TRUE,FALSE
GCA_018203575,TPE,TRUE,TRUE,TRUE,FALSE
GCA_018203595,Nichols - Madagascar,TRUE,TRUE,TRUE,TRUE
GCA_018203615,SS14,TRUE,TRUE,TRUE,FALSE
GCA_018203635,SS14,TRUE,TRUE,TRUE,FALSE
GCA_018203655,SS14,TRUE,TRUE,TRUE,TRUE
GCA_018203675,SS14,TRUE,TRUE,TRUE,FALSE
GCA_018203695,SS14,TRUE,TRUE,TRUE,FALSE
GCA_018203715,SS14,TRUE,TRUE,TRUE,FALSE
GCA_018203735,SS14,TRUE,TRUE,TRUE,FALSE
GCA_018203755,SS14,TRUE,TRUE,TRUE,FALSE
GCA_018203775,SS14,TRUE,TRUE,TRUE,FALSE
GCA_018203795,SS14,TRUE,TRUE,TRUE,FALSE
GCA_018203815,SS14,TRUE,TRUE,TRUE,FALSE
GCA_018203835,SS14,TRUE,TRUE,TRUE,FALSE
GCA_018203855,SS14,TRUE,TRUE,TRUE,FALSE
GCA_018203875,SS14,TRUE,TRUE,TRUE,FALSE
GCA_018203895,SS14,TRUE,TRUE,TRUE,FALSE
GCA_018203915,SS14,TRUE,TRUE,TRUE,FALSE
GCA_018203935,SS14,TRUE,TRUE,TRUE,FALSE
GCA_018203955,SS14,TRUE,TRUE,TRUE,TRUE
GCA_018203975,SS14,TRUE,TRUE,TRUE,FALSE
GCA_018203995,SS14,TRUE,TRUE,TRUE,FALSE
GCA_018204015,SS14,TRUE,TRUE,TRUE,TRUE
GCA_018204035,Nichols,TRUE,TRUE,TRUE,FALSE
GCA_018204055,SS14,TRUE,TRUE,TRUE,FALSE
GCA_018204075,SS14,TRUE,TRUE,TRUE,FALSE
GCA_018204095,SS14,TRUE,TRUE,TRUE,FALSE
GCA_018204115,SS14,TRUE,TRUE,TRUE,FALSE
GCA_018204135,SS14,TRUE,TRUE,TRUE,FALSE
GCA_018204155,SS14,TRUE,TRUE,TRUE,FALSE
GCA_018204175,SS14,TRUE,TRUE,TRUE,FALSE
GCA_018204195,SS14,TRUE,TRUE,TRUE,FALSE
GCA_018204215,TEN,TRUE,TRUE,TRUE,TRUE
GCA_018204235,SS14,TRUE,TRUE,TRUE,FALSE
GCA_018204255,SS14,TRUE,TRUE,TRUE,FALSE
GCA_018204275,SS14,TRUE,TRUE,TRUE,FALSE
GCA_018204295,SS14,TRUE,TRUE,TRUE,FALSE
GCA_018204315,SS14,TRUE,TRUE,TRUE,FALSE
GCA_018204335,SS14,TRUE,TRUE,TRUE,FALSE
GCA_018204355,Nichols,TRUE,TRUE,TRUE,FALSE
GCA_018204375,SS14,TRUE,TRUE,TRUE,FALSE
GCA_018204395,SS14,TRUE,TRUE,TRUE,FALSE
GCA_018204415,SS14,TRUE,TRUE,TRUE,FALSE
GCA_018204495,SS14,TRUE,TRUE,TRUE,FALSE
GCA_018204595,SS14,TRUE,TRUE,TRUE,FALSE
GCA_018204755,SS14,TRUE,TRUE,TRUE,FALSE
GCA_018204835,TEN,TRUE,TRUE,TRUE,FALSE
GCA_018204935,SS14,TRUE,TRUE,TRUE,FALSE
GCA_018204975,SS14,TRUE,TRUE,TRUE,FALSE
GCA_018205095,TEN,TRUE,TRUE,TRUE,TRUE
GCA_018205175,TEN,TRUE,TRUE,TRUE,FALSE
GCA_018205215,SS14,TRUE,TRUE,TRUE,TRUE
GCA_018205235,SS14,TRUE,TRUE,TRUE,FALSE
GCA_018205255,SS14,TRUE,TRUE,TRUE,FALSE
GCA_018205275,SS14,TRUE,TRUE,TRUE,FALSE
GCA_018205375,SS14,TRUE,TRUE,TRUE,FALSE
GCA_018205495,SS14,TRUE,TRUE,TRUE,FALSE
GCA_018205735,Nichols,TRUE,TRUE,TRUE,FALSE
GCA_018206135,SS14,TRUE,TRUE,TRUE,FALSE
GCA_018206355,SS14,TRUE,TRUE,TRUE,FALSE
GCA_018206585,SS14,TRUE,TRUE,TRUE,FALSE
GCA_018206745,SS14,TRUE,TRUE,TRUE,FALSE
GCA_018206955,SS14,TRUE,TRUE,TRUE,TRUE
GCA_018207135,SS14,TRUE,TRUE,TRUE,FALSE
GCA_018207195,SS14,TRUE,TRUE,TRUE,FALSE
GCA_018207275,SS14,TRUE,TRUE,TRUE,FALSE
GCA_018207315,SS14,TRUE,TRUE,TRUE,FALSE
GCA_018207435,SS14,TRUE,TRUE,TRUE,FALSE
GCA_018207455,SS14,TRUE,TRUE,TRUE,FALSE
GCA_018207475,SS14,TRUE,TRUE,TRUE,FALSE
GCA_018207495,SS14,TRUE,TRUE,TRUE,FALSE
GCA_018207775,SS14,TRUE,TRUE,TRUE,FALSE
GCA_019775755,Nichols - Madagascar,TRUE,TRUE,TRUE,FALSE
GCA_023016345,Nichols,TRUE,TRUE,TRUE,FALSE
GCA_023016365,Nichols,TRUE,TRUE,TRUE,FALSE
GCA_023016385,Nichols,TRUE,TRUE,TRUE,TRUE
GCA_023016405,Nichols,TRUE,TRUE,TRUE,FALSE
GCA_023016425,Nichols,TRUE,TRUE,TRUE,TRUE
GCA_023016445,Nichols,TRUE,TRUE,TRUE,TRUE
GCA_023116935,TEN,TRUE,TRUE,TRUE,TRUE
GCA_023117035,TEN,TRUE,TRUE,TRUE,FALSE
GCA_024971635,Nichols,TRUE,TRUE,TRUE,TRUE
GCA_025201015,Nichols,TRUE,TRUE,TRUE,FALSE
GCA_025201035,SS14,TRUE,TRUE,TRUE,FALSE
GCA_025201055,Nichols,TRUE,TRUE,TRUE,FALSE
GCA_025201075,Nichols,TRUE,TRUE,TRUE,TRUE
GCA_025201095,SS14,TRUE,TRUE,TRUE,FALSE
GCA_025201115,SS14,TRUE,TRUE,TRUE,TRUE
GCA_025201135,Nichols,TRUE,TRUE,TRUE,FALSE
GCA_025201155,Nichols,TRUE,TRUE,TRUE,FALSE
GCA_025201175,Nichols,TRUE,TRUE,TRUE,FALSE
GCA_025201195,SS14,TRUE,TRUE,TRUE,FALSE
GCA_025201215,SS14,TRUE,TRUE,TRUE,FALSE
GCA_025201255,SS14,TRUE,TRUE,TRUE,FALSE
GCA_025201275,SS14,TRUE,TRUE,TRUE,FALSE
GCA_025201295,Nichols,TRUE,TRUE,TRUE,FALSE
GCA_025201315,SS14,TRUE,TRUE,TRUE,FALSE
GCA_025398415,SS14,TRUE,TRUE,TRUE,FALSE
GCA_025398475,SS14,TRUE,TRUE,TRUE,FALSE
GCA_025398495,SS14,TRUE,TRUE,TRUE,FALSE
GCA_025398515,SS14,TRUE,TRUE,TRUE,FALSE
GCA_025398535,SS14,TRUE,TRUE,TRUE,FALSE
GCA_025398555,SS14,TRUE,TRUE,TRUE,TRUE
GCA_025398575,Nichols,TRUE,TRUE,TRUE,TRUE
GCA_025398595,SS14,TRUE,TRUE,TRUE,FALSE
GCA_025398615,SS14,TRUE,TRUE,TRUE,TRUE
GCA_025398635,SS14,TRUE,TRUE,TRUE,FALSE
GCA_025398655,SS14,TRUE,TRUE,TRUE,FALSE
GCA_026240715,Nichols - Madagascar,TRUE,TRUE,TRUE,FALSE
GCA_026240735,Nichols,TRUE,TRUE,TRUE,TRUE
GCA_026409145,Nichols,TRUE,TRUE,TRUE,FALSE
GCA_026409385,Nichols - Madagascar,TRUE,TRUE,TRUE,FALSE
GCA_026409405,Nichols - Madagascar,TRUE,TRUE,TRUE,FALSE
GCA_026409425,Nichols - Madagascar,TRUE,TRUE,TRUE,FALSE
GCA_026409445,Nichols - Madagascar,TRUE,TRUE,TRUE,FALSE
GCA_026409465,Nichols,TRUE,TRUE,TRUE,FALSE
GCA_026409485,Nichols - Madagascar,TRUE,TRUE,TRUE,FALSE
GCA_026409505,SS14,TRUE,TRUE,TRUE,FALSE
GCA_026409525,SS14,TRUE,TRUE,TRUE,FALSE
GCA_026409545,SS14,TRUE,TRUE,TRUE,FALSE
GCA_026409585,Nichols,TRUE,TRUE,TRUE,FALSE
GCA_026409605,Nichols,TRUE,TRUE,TRUE,FALSE
GCA_026409625,Nichols,TRUE,TRUE,TRUE,FALSE
GCA_026409645,Nichols,TRUE,TRUE,TRUE,FALSE
GCA_026409665,Nichols,TRUE,TRUE,TRUE,TRUE
GCA_026409685,Nichols,TRUE,TRUE,TRUE,FALSE
GCA_026409705,Nichols,TRUE,TRUE,TRUE,FALSE
GCA_026409725,Nichols,TRUE,TRUE,TRUE,TRUE
GCA_026409745,Nichols,TRUE,TRUE,TRUE,FALSE
GCA_026409765,Nichols,TRUE,TRUE,TRUE,FALSE
GCA_026409785,Nichols,TRUE,TRUE,TRUE,FALSE
GCA_026409805,Nichols,TRUE,TRUE,TRUE,FALSE
GCA_026409825,Nichols,TRUE,TRUE,TRUE,FALSE
GCA_026409845,Nichols,TRUE,TRUE,TRUE,FALSE
GCA_026409865,Nichols,TRUE,TRUE,TRUE,FALSE
GCA_026409885,Nichols,TRUE,TRUE,TRUE,FALSE
GCA_026409905,Nichols,TRUE,TRUE,TRUE,TRUE
GCA_026409925,Nichols,TRUE,TRUE,TRUE,FALSE
GCA_026409945,Nichols,TRUE,TRUE,TRUE,FALSE
GCA_026409965,Nichols,TRUE,TRUE,TRUE,FALSE
GCA_026409985,Nichols,TRUE,TRUE,TRUE,FALSE
GCA_026410005,Nichols,TRUE,TRUE,TRUE,TRUE
GCA_026410025,Nichols,TRUE,TRUE,TRUE,FALSE
GCA_027568595,SS14,TRUE,TRUE,TRUE,FALSE
GCA_027568615,SS14,TRUE,TRUE,TRUE,TRUE
GCA_027568635,SS14,TRUE,TRUE,TRUE,FALSE
GCA_027568655,SS14,TRUE,TRUE,TRUE,TRUE
GCA_027568675,SS14,TRUE,TRUE,TRUE,FALSE
GCA_027568695,SS14,TRUE,TRUE,TRUE,FALSE
GCA_027568715,SS14,TRUE,TRUE,TRUE,TRUE
GCA_027568735,Nichols,TRUE,TRUE,TRUE,FALSE
GCA_027568755,SS14,TRUE,TRUE,TRUE,FALSE
GCA_027568775,SS14,TRUE,TRUE,TRUE,FALSE
GCA_027568795,Nichols,TRUE,TRUE,TRUE,FALSE
GCA_027568815,SS14,TRUE,TRUE,TRUE,FALSE
GCA_027568835,Nichols,TRUE,TRUE,TRUE,TRUE
GCA_027568855,Nichols,TRUE,TRUE,TRUE,FALSE
GCA_027568875,SS14,TRUE,TRUE,TRUE,FALSE
GCA_027626055,SS14,TRUE,TRUE,TRUE,FALSE
GCA_027626075,Nichols,TRUE,TRUE,TRUE,FALSE
GCA_027626095,SS14,TRUE,TRUE,TRUE,FALSE
GCA_027626115,Nichols,TRUE,TRUE,TRUE,FALSE
GCA_027626135,SS14,TRUE,TRUE,TRUE,FALSE
GCA_027626155,Nichols,TRUE,TRUE,TRUE,FALSE
GCA_027626175,SS14,TRUE,TRUE,TRUE,TRUE
GCA_027626195,Nichols,TRUE,TRUE,TRUE,FALSE
GCA_027626215,Nichols,TRUE,TRUE,TRUE,FALSE
GCA_027626235,Nichols,TRUE,TRUE,TRUE,FALSE
GCA_027626255,Nichols,TRUE,TRUE,TRUE,FALSE
GCA_027626275,SS14,TRUE,TRUE,TRUE,FALSE
GCA_027626295,Nichols,TRUE,TRUE,TRUE,TRUE
GCA_027626315,Nichols,TRUE,TRUE,TRUE,FALSE
GCA_027626335,Nichols,TRUE,TRUE,TRUE,FALSE
GCA_027626355,Nichols,TRUE,TRUE,TRUE,TRUE
GCA_027626375,Nichols,TRUE,TRUE,TRUE,FALSE
GCA_027626395,SS14,TRUE,TRUE,TRUE,TRUE
GCA_027626415,SS14,TRUE,TRUE,TRUE,FALSE
GCA_027626435,SS14,TRUE,TRUE,TRUE,FALSE
GCA_027626455,SS14,TRUE,TRUE,TRUE,FALSE
GCA_027626475,SS14,TRUE,TRUE,TRUE,FALSE
GCA_027626495,SS14,TRUE,TRUE,TRUE,FALSE
GCA_027626515,SS14,TRUE,TRUE,TRUE,FALSE
GCA_027626535,SS14,TRUE,TRUE,TRUE,FALSE
GCA_027626555,Nichols,TRUE,TRUE,TRUE,FALSE
GCA_027626575,Nichols,TRUE,TRUE,TRUE,FALSE
GCA_027626595,Nichols,TRUE,TRUE,TRUE,FALSE
GCA_027626615,Nichols,TRUE,TRUE,TRUE,FALSE
GCA_027626635,Nichols,TRUE,TRUE,TRUE,FALSE
GCA_027626655,Nichols,TRUE,TRUE,TRUE,TRUE
GCA_027626675,SS14,TRUE,TRUE,TRUE,FALSE
GCA_027626695,Nichols,TRUE,TRUE,TRUE,FALSE
GCA_027626715,Nichols,TRUE,TRUE,TRUE,FALSE
GCA_027626735,Nichols,TRUE,TRUE,TRUE,TRUE
GCA_027626755,Nichols,TRUE,TRUE,TRUE,FALSE
GCA_027626775,SS14,TRUE,TRUE,TRUE,FALSE
GCA_027626795,SS14,TRUE,TRUE,TRUE,TRUE
GCA_027626815,SS14,TRUE,TRUE,TRUE,FALSE
GCA_027626835,Nichols,TRUE,TRUE,TRUE,FALSE
GCA_027626855,SS14,TRUE,TRUE,TRUE,FALSE
GCA_027626875,SS14,TRUE,TRUE,TRUE,FALSE
GCA_027626895,Nichols,TRUE,TRUE,TRUE,FALSE
GCA_027626915,SS14,TRUE,TRUE,TRUE,FALSE
GCA_027626935,SS14,TRUE,TRUE,TRUE,FALSE
GCA_027626955,Nichols,TRUE,TRUE,TRUE,FALSE
GCA_028022675,SS14,TRUE,TRUE,TRUE,TRUE
GCA_029201305,SS14,TRUE,TRUE,TRUE,FALSE
GCA_029201325,SS14,TRUE,TRUE,TRUE,FALSE
GCA_029201345,SS14,TRUE,TRUE,TRUE,FALSE
GCA_029201365,SS14,TRUE,TRUE,TRUE,FALSE
GCA_029201385,SS14,TRUE,TRUE,TRUE,FALSE
GCA_029201405,SS14,TRUE,TRUE,TRUE,TRUE
GCA_029203245,SS14,TRUE,TRUE,TRUE,FALSE
GCA_029203265,SS14,TRUE,TRUE,TRUE,FALSE
GCA_029280605,SS14,TRUE,TRUE,TRUE,FALSE
GCA_029280625,SS14,TRUE,TRUE,TRUE,FALSE
GCA_029280645,SS14,TRUE,TRUE,TRUE,FALSE
GCA_029280665,SS14,TRUE,TRUE,TRUE,FALSE
GCA_029280685,SS14,TRUE,TRUE,TRUE,FALSE
GCA_029280705,SS14,TRUE,TRUE,TRUE,FALSE
GCA_029280725,SS14,TRUE,TRUE,TRUE,FALSE
GCA_029280905,SS14,TRUE,TRUE,TRUE,FALSE
GCA_029281045,SS14,TRUE,TRUE,TRUE,FALSE
GCA_029281205,SS14,TRUE,TRUE,TRUE,FALSE
GCA_029281265,SS14,TRUE,TRUE,TRUE,FALSE
GCA_029281285,SS14,TRUE,TRUE,TRUE,FALSE
GCA_029281325,SS14,TRUE,TRUE,TRUE,FALSE
GCA_029281345,SS14,TRUE,TRUE,TRUE,FALSE
GCA_029281365,SS14,TRUE,TRUE,TRUE,FALSE
GCA_029281385,SS14,TRUE,TRUE,TRUE,FALSE
GCA_029866565,TPE,TRUE,TRUE,TRUE,TRUE
GCA_029866585,TPE,TRUE,TRUE,TRUE,TRUE
GCA_029866605,TPE,TRUE,TRUE,TRUE,FALSE
GCA_029866645,TPE,TRUE,TRUE,TRUE,TRUE
GCA_029866665,TPE,TRUE,TRUE,TRUE,FALSE
GCA_029866685,TPE,TRUE,TRUE,TRUE,TRUE
GCA_029866705,TPE,TRUE,TRUE,TRUE,FALSE
GCA_029866725,TPE,TRUE,TRUE,TRUE,FALSE
GCA_029866745,TPE,TRUE,TRUE,TRUE,TRUE
GCA_029866765,TPE,TRUE,TRUE,TRUE,TRUE
GCA_029958405,Nichols,TRUE,TRUE,TRUE,TRUE
GCA_029958425,Nichols,TRUE,TRUE,TRUE,FALSE
GCA_029958445,SS14,TRUE,TRUE,TRUE,FALSE
GCA_029958465,SS14,TRUE,TRUE,TRUE,FALSE
GCA_029958485,Nichols,TRUE,TRUE,TRUE,FALSE
GCA_029958505,SS14,TRUE,TRUE,TRUE,FALSE
GCA_029958525,Nichols,TRUE,TRUE,TRUE,FALSE
GCA_029958545,Nichols,TRUE,TRUE,TRUE,FALSE
GCA_029958565,Nichols,TRUE,TRUE,TRUE,FALSE
GCA_029958585,Nichols,TRUE,TRUE,TRUE,FALSE
GCA_029958605,Nichols,TRUE,TRUE,TRUE,FALSE
GCA_029958625,Nichols,TRUE,TRUE,TRUE,FALSE
GCA_029958645,Nichols,TRUE,TRUE,TRUE,FALSE
GCA_029958665,Nichols,TRUE,TRUE,TRUE,TRUE
GCA_029958685,Nichols,TRUE,TRUE,TRUE,FALSE
GCA_029958705,Nichols,TRUE,TRUE,TRUE,FALSE
GCA_029958725,SS14,TRUE,TRUE,TRUE,FALSE
GCA_029958745,SS14,TRUE,TRUE,TRUE,FALSE
GCA_029958765,SS14,TRUE,TRUE,TRUE,FALSE
GCA_029958785,SS14,TRUE,TRUE,TRUE,FALSE
GCA_029958805,SS14,TRUE,TRUE,TRUE,FALSE
GCA_029958825,SS14,TRUE,TRUE,TRUE,FALSE
GCA_029958845,SS14,TRUE,TRUE,TRUE,TRUE
GCA_029958865,SS14,TRUE,TRUE,TRUE,FALSE
GCA_030008115,SS14,TRUE,TRUE,TRUE,FALSE
GCA_030008135,SS14,TRUE,TRUE,TRUE,FALSE
GCA_030008155,Nichols,TRUE,TRUE,TRUE,TRUE
GCA_030008175,Nichols,TRUE,TRUE,TRUE,FALSE
GCA_030008195,SS14,TRUE,TRUE,TRUE,FALSE
GCA_030008215,SS14,TRUE,TRUE,TRUE,FALSE
GCA_030008235,Nichols,TRUE,TRUE,TRUE,FALSE
GCA_030008255,Nichols,TRUE,TRUE,TRUE,FALSE
GCA_030008275,SS14,TRUE,TRUE,TRUE,FALSE
GCA_030008295,Nichols,TRUE,TRUE,TRUE,TRUE
GCA_030008315,SS14,TRUE,TRUE,TRUE,FALSE
GCA_030008335,SS14,TRUE,TRUE,TRUE,FALSE
GCA_030008435,Nichols,TRUE,TRUE,TRUE,FALSE
GCA_030008555,Nichols,TRUE,TRUE,TRUE,FALSE
GCA_030008655,Nichols,TRUE,TRUE,TRUE,FALSE
GCA_030008675,SS14,TRUE,TRUE,TRUE,FALSE
GCA_030008695,SS14,TRUE,TRUE,TRUE,FALSE
GCA_030008715,SS14,TRUE,TRUE,TRUE,FALSE
GCA_030008735,SS14,TRUE,TRUE,TRUE,FALSE
GCA_030008755,Nichols,TRUE,TRUE,TRUE,FALSE
GCA_030008775,Nichols,TRUE,TRUE,TRUE,TRUE
GCA_030008795,SS14,TRUE,TRUE,TRUE,FALSE
GCA_030028295,SS14,TRUE,TRUE,TRUE,FALSE
GCA_030028315,Nichols,TRUE,TRUE,TRUE,FALSE
GCA_030384625,SS14,TRUE,TRUE,TRUE,FALSE
GCA_030384645,Nichols,TRUE,TRUE,TRUE,TRUE
GCA_030451325,Nichols,TRUE,TRUE,TRUE,FALSE
GCA_032599045,SS14,TRUE,TRUE,TRUE,FALSE
GCA_032599245,Nichols,TRUE,TRUE,TRUE,FALSE
GCA_032599285,SS14,TRUE,TRUE,TRUE,FALSE
GCA_032599305,Nichols,TRUE,TRUE,TRUE,FALSE
GCA_032599325,SS14,TRUE,TRUE,TRUE,FALSE
GCA_032599365,SS14,TRUE,TRUE,TRUE,FALSE
GCA_032600165,SS14,TRUE,TRUE,TRUE,FALSE
GCA_032918045,Nichols,TRUE,TRUE,TRUE,FALSE
GCA_032918065,Nichols,TRUE,TRUE,TRUE,FALSE
GCA_032918085,Nichols,TRUE,TRUE,TRUE,FALSE
GCA_032918105,Nichols,TRUE,TRUE,TRUE,FALSE
GCA_032918125,SS14,TRUE,TRUE,TRUE,FALSE
GCA_034093335,SS14,TRUE,TRUE,TRUE,TRUE
GCA_034093355,Nichols,TRUE,TRUE,TRUE,FALSE
GCA_034093375,SS14,TRUE,TRUE,TRUE,FALSE
GCA_034093395,Nichols,TRUE,TRUE,TRUE,FALSE
GCA_034093415,SS14,TRUE,TRUE,TRUE,FALSE
GCA_034093435,SS14,TRUE,TRUE,TRUE,FALSE
GCA_034093455,SS14,TRUE,TRUE,TRUE,TRUE
GCA_034093955,SS14,TRUE,TRUE,TRUE,FALSE
GCA_034095755,Nichols,TRUE,TRUE,TRUE,TRUE
GCA_034096755,SS14,TRUE,TRUE,TRUE,TRUE
GCA_034096775,SS14,TRUE,TRUE,TRUE,FALSE
GCA_034096795,SS14,TRUE,TRUE,TRUE,FALSE
GCA_034096825,Nichols,TRUE,TRUE,TRUE,FALSE
GCA_034096845,SS14,TRUE,TRUE,TRUE,FALSE
GCA_034096885,Nichols,TRUE,TRUE,TRUE,FALSE
GCA_034096905,SS14,TRUE,TRUE,TRUE,FALSE
GCA_034096945,Nichols,TRUE,TRUE,TRUE,TRUE
GCA_034096975,SS14,TRUE,TRUE,TRUE,FALSE
GCA_034096995,SS14,TRUE,TRUE,TRUE,FALSE
GCA_034097015,SS14,TRUE,TRUE,TRUE,FALSE
GCA_034097075,Nichols,TRUE,TRUE,TRUE,FALSE
GCA_034097095,Nichols,TRUE,TRUE,TRUE,FALSE
GCA_034097115,SS14,TRUE,TRUE,TRUE,FALSE
GCA_034097275,SS14,TRUE,TRUE,TRUE,TRUE
GCA_034097295,Nichols,TRUE,TRUE,TRUE,FALSE
GCA_034097315,Nichols,TRUE,TRUE,TRUE,TRUE
GCA_034097335,SS14,TRUE,TRUE,TRUE,FALSE
GCA_034097355,SS14,TRUE,TRUE,TRUE,TRUE
GCA_037761415,SS14,TRUE,TRUE,TRUE,TRUE
GCA_900291945,TPE,TRUE,TRUE,TRUE,TRUE
GCA_900298905,TPE,TRUE,TRUE,TRUE,TRUE
GCA_900298965,TPE,TRUE,TRUE,TRUE,TRUE
GCA_900298975,TPE,TRUE,TRUE,TRUE,TRUE
GCA_903234185,TPE,TRUE,TRUE,TRUE,TRUE
GCA_903234195,TPE,TRUE,TRUE,TRUE,TRUE
GCA_903234205,TPE,TRUE,TRUE,TRUE,FALSE
GCA_903469575,TPE,TRUE,TRUE,TRUE,TRUE
GCA_903469595,TPE,TRUE,TRUE,TRUE,TRUE
GCA_903469605,TPE,TRUE,TRUE,TRUE,TRUE
SRR3268722,SS14,FALSE,TRUE,TRUE,FALSE
ERR5210584,SS14,FALSE,TRUE,TRUE,FALSE
ERR3684610,SS14,FALSE,TRUE,TRUE,TRUE
ERR3684564,SS14,FALSE,TRUE,TRUE,FALSE
ERR3684519,SS14,FALSE,TRUE,TRUE,TRUE
ERR3684482,SS14,FALSE,TRUE,TRUE,TRUE
ERR3684565,SS14,FALSE,TRUE,TRUE,TRUE
ERR3684695,SS14,FALSE,TRUE,TRUE,FALSE
ERR3684520,SS14,FALSE,TRUE,TRUE,TRUE
ERR3684521,SS14,FALSE,TRUE,TRUE,FALSE
ERR3684652,SS14,FALSE,TRUE,TRUE,FALSE
ERR3684654,SS14,FALSE,TRUE,TRUE,TRUE
ERR3684484,Nichols,FALSE,TRUE,TRUE,TRUE
ERR3684741,SS14,FALSE,TRUE,TRUE,TRUE
ERR4045383,Nichols,FALSE,TRUE,TRUE,TRUE
ERR3684568,SS14,FALSE,TRUE,TRUE,FALSE
ERR3684522,SS14,FALSE,TRUE,TRUE,FALSE
ERR3684450,SS14,FALSE,TRUE,TRUE,FALSE
ERR3684485,SS14,FALSE,TRUE,TRUE,FALSE
ERR3684523,SS14,FALSE,TRUE,TRUE,FALSE
ERR3684569,SS14,FALSE,TRUE,TRUE,FALSE
ERR3684451,SS14,FALSE,TRUE,TRUE,TRUE
ERR3684613,SS14,FALSE,TRUE,TRUE,TRUE
ERR3684571,SS14,FALSE,TRUE,TRUE,TRUE
ERR3684572,SS14,FALSE,TRUE,TRUE,TRUE
ERR3684524,SS14,FALSE,TRUE,TRUE,FALSE
ERR3684573,SS14,FALSE,TRUE,TRUE,TRUE
ERR3684525,SS14,FALSE,TRUE,TRUE,FALSE
ERR3684661,SS14,FALSE,TRUE,TRUE,TRUE
ERR3684700,SS14,FALSE,TRUE,TRUE,TRUE
ERR3684452,Nichols,FALSE,TRUE,TRUE,FALSE
ERR3684615,SS14,FALSE,TRUE,TRUE,FALSE
ERR3684526,SS14,FALSE,TRUE,TRUE,TRUE
ERR3684528,SS14,FALSE,TRUE,TRUE,FALSE
ERR3684616,SS14,FALSE,TRUE,TRUE,TRUE
ERR3684618,SS14,FALSE,TRUE,TRUE,FALSE
ERR3684453,Nichols,FALSE,TRUE,TRUE,TRUE
ERR3684619,SS14,FALSE,TRUE,TRUE,TRUE
ERR3684489,SS14,FALSE,TRUE,TRUE,TRUE
ERR3684574,SS14,FALSE,TRUE,TRUE,FALSE
ERR3684575,SS14,FALSE,TRUE,TRUE,FALSE
ERR3684576,SS14,FALSE,TRUE,TRUE,FALSE
ERR3684577,SS14,FALSE,TRUE,TRUE,FALSE
ERR4045395,Nichols,FALSE,TRUE,TRUE,TRUE
ERR3684454,Nichols,FALSE,TRUE,TRUE,FALSE
ERR3684530,SS14,FALSE,TRUE,TRUE,FALSE
ERR3684491,Nichols,FALSE,TRUE,TRUE,TRUE
ERR3684580,SS14,FALSE,TRUE,TRUE,FALSE
ERR3684665,SS14,FALSE,TRUE,TRUE,TRUE
ERR3684666,SS14,FALSE,TRUE,TRUE,TRUE
ERR3684582,SS14,FALSE,TRUE,TRUE,FALSE
ERR3684620,SS14,FALSE,TRUE,TRUE,FALSE
ERR3684492,Nichols,FALSE,TRUE,TRUE,FALSE
ERR3684583,SS14,FALSE,TRUE,TRUE,TRUE
ERR3684706,SS14,FALSE,TRUE,TRUE,TRUE
ERR3684493,Nichols,FALSE,TRUE,TRUE,FALSE
ERR3684622,SS14,FALSE,TRUE,TRUE,TRUE
ERR3684531,SS14,FALSE,TRUE,TRUE,FALSE
ERR3684669,SS14,FALSE,TRUE,TRUE,TRUE
ERR3684623,SS14,FALSE,TRUE,TRUE,FALSE
ERR3684456,SS14,FALSE,TRUE,TRUE,FALSE
ERR3684457,Nichols,FALSE,TRUE,TRUE,FALSE
ERR3684584,SS14,FALSE,TRUE,TRUE,FALSE
ERR3684533,SS14,FALSE,TRUE,TRUE,FALSE
ERR3684495,SS14,FALSE,TRUE,TRUE,FALSE
ERR3684534,SS14,FALSE,TRUE,TRUE,FALSE
ERR3684497,SS14,FALSE,TRUE,TRUE,FALSE
ERR3684585,SS14,FALSE,TRUE,TRUE,TRUE
ERR3684535,SS14,FALSE,TRUE,TRUE,FALSE
ERR3684458,Nichols,FALSE,TRUE,TRUE,FALSE
ERR3684626,SS14,FALSE,TRUE,TRUE,TRUE
ERR3684537,SS14,FALSE,TRUE,TRUE,FALSE
ERR3684498,SS14,FALSE,TRUE,TRUE,FALSE
ERR3684460,SS14,FALSE,TRUE,TRUE,TRUE
ERR3684499,SS14,FALSE,TRUE,TRUE,TRUE
ERR3684538,SS14,FALSE,TRUE,TRUE,FALSE
ERR3684500,SS14,FALSE,TRUE,TRUE,FALSE
ERR3684501,SS14,FALSE,TRUE,TRUE,FALSE
ERR3684502,SS14,FALSE,TRUE,TRUE,FALSE
ERR4045387,SS14,FALSE,TRUE,TRUE,TRUE
ERR3684540,SS14,FALSE,TRUE,TRUE,TRUE
ERR3684467,Nichols,FALSE,TRUE,TRUE,FALSE
ERR4045380,Nichols,FALSE,TRUE,TRUE,FALSE
ERR4045389,SS14,FALSE,TRUE,TRUE,TRUE
ERR3684507,SS14,FALSE,TRUE,TRUE,FALSE
ERR3684542,SS14,FALSE,TRUE,TRUE,FALSE
ERR3684544,SS14,FALSE,TRUE,TRUE,TRUE
ERR4045381,Nichols,FALSE,TRUE,TRUE,FALSE
ERR3684547,SS14,FALSE,TRUE,TRUE,FALSE
ERR3684509,SS14,FALSE,TRUE,TRUE,FALSE
ERR3684510,SS14,FALSE,TRUE,TRUE,FALSE
ERR3684469,Nichols,FALSE,TRUE,TRUE,TRUE
ERR3684470,Nichols,FALSE,TRUE,TRUE,FALSE
ERR3684471,Nichols,FALSE,TRUE,TRUE,TRUE
ERR3684511,SS14,FALSE,TRUE,TRUE,FALSE
ERR3684548,SS14,FALSE,TRUE,TRUE,FALSE
ERR3684472,Nichols,FALSE,TRUE,TRUE,TRUE
ERR3684473,Nichols,FALSE,TRUE,TRUE,FALSE
ERR3684550,SS14,FALSE,TRUE,TRUE,FALSE
ERR3684512,SS14,FALSE,TRUE,TRUE,FALSE
ERR3684474,Nichols,FALSE,TRUE,TRUE,FALSE
ERR3684551,SS14,FALSE,TRUE,TRUE,FALSE
ERR3684552,SS14,FALSE,TRUE,TRUE,FALSE
ERR3684553,SS14,FALSE,TRUE,TRUE,FALSE
ERR3684723,SS14,FALSE,TRUE,TRUE,TRUE
ERR3684555,SS14,FALSE,TRUE,TRUE,TRUE
ERR3684725,SS14,FALSE,TRUE,TRUE,FALSE
ERR3684475,Nichols,FALSE,TRUE,TRUE,FALSE
ERR3684476,Nichols,FALSE,TRUE,TRUE,FALSE
ERR4045390,SS14,FALSE,TRUE,TRUE,TRUE
ERR3684556,SS14,FALSE,TRUE,TRUE,FALSE
ERR3684477,Nichols,FALSE,TRUE,TRUE,FALSE
ERR3684557,SS14,FALSE,TRUE,TRUE,FALSE
ERR3684599,SS14,FALSE,TRUE,TRUE,TRUE
ERR3684478,Nichols,FALSE,TRUE,TRUE,TRUE
ERR3684515,SS14,FALSE,TRUE,TRUE,FALSE
ERR3684558,SS14,FALSE,TRUE,TRUE,FALSE
ERR3684600,SS14,FALSE,TRUE,TRUE,FALSE
ERR3684560,SS14,FALSE,TRUE,TRUE,FALSE
ERR3684647,SS14,FALSE,TRUE,TRUE,FALSE
ERR3684479,Nichols,FALSE,TRUE,TRUE,FALSE
ERR3684480,SS14,FALSE,TRUE,TRUE,FALSE
ERR3684517,SS14,FALSE,TRUE,TRUE,FALSE
ERR4045378,SS14,FALSE,TRUE,TRUE,TRUE
ERR4899202,SS14,FALSE,TRUE,TRUE,FALSE
ERR4853588,SS14,FALSE,TRUE,TRUE,FALSE
ERR4853589,SS14,FALSE,TRUE,TRUE,TRUE
ERR5206990,SS14,FALSE,TRUE,TRUE,TRUE
ERR5206984,SS14,FALSE,TRUE,TRUE,TRUE
ERR5210582,SS14,FALSE,TRUE,TRUE,TRUE
ERR5210581,SS14,FALSE,TRUE,TRUE,FALSE
ERR5207020,Nichols,FALSE,TRUE,TRUE,TRUE
ERR5210570,SS14,FALSE,TRUE,TRUE,FALSE
SRR13721290,Nichols,FALSE,TRUE,TRUE,TRUE
ERR4993350,SS14,FALSE,TRUE,TRUE,FALSE
ERR4899197,SS14,FALSE,TRUE,TRUE,FALSE
ERR4853533,SS14,FALSE,TRUE,TRUE,FALSE
ERR4899198,SS14,FALSE,TRUE,TRUE,FALSE
ERR4993351,Nichols,FALSE,TRUE,TRUE,TRUE
ERR4853565,SS14,FALSE,TRUE,TRUE,FALSE
ERR4853534,SS14,FALSE,TRUE,TRUE,FALSE
ERR4993352,SS14,FALSE,TRUE,TRUE,FALSE
ERR4853590,SS14,FALSE,TRUE,TRUE,FALSE
ERR4853550,SS14,FALSE,TRUE,TRUE,FALSE
ERR4853640,SS14,FALSE,TRUE,TRUE,TRUE
ERR4993353,SS14,FALSE,TRUE,TRUE,FALSE
ERR4899222,SS14,FALSE,TRUE,TRUE,TRUE
ERR4853535,SS14,FALSE,TRUE,TRUE,FALSE
ERR4853641,SS14,FALSE,TRUE,TRUE,TRUE
ERR4853527,SS14,FALSE,TRUE,TRUE,FALSE
ERR4853592,SS14,FALSE,TRUE,TRUE,FALSE
ERR4853551,SS14,FALSE,TRUE,TRUE,TRUE
ERR4853528,SS14,FALSE,TRUE,TRUE,FALSE
ERR4853529,SS14,FALSE,TRUE,TRUE,FALSE
ERR4853530,Nichols,FALSE,TRUE,TRUE,TRUE
ERR4853643,SS14,FALSE,TRUE,TRUE,TRUE
ERR4993354,Nichols,FALSE,TRUE,TRUE,FALSE
ERR4853531,Nichols,FALSE,TRUE,TRUE,FALSE
ERR4853593,SS14,FALSE,TRUE,TRUE,FALSE
ERR5207003,SS14,FALSE,TRUE,TRUE,FALSE
ERR4853583,SS14,FALSE,TRUE,TRUE,FALSE
ERR4853645,SS14,FALSE,TRUE,TRUE,TRUE
ERR4853537,SS14,FALSE,TRUE,TRUE,FALSE
ERR4899200,SS14,FALSE,TRUE,TRUE,FALSE
ERR4853566,Nichols,FALSE,TRUE,TRUE,TRUE
ERR4853594,SS14,FALSE,TRUE,TRUE,TRUE
ERR4853661,SS14,FALSE,TRUE,TRUE,TRUE
ERR4853584,SS14,FALSE,TRUE,TRUE,FALSE
ERR4853662,SS14,FALSE,TRUE,TRUE,TRUE
ERR4853663,SS14,FALSE,TRUE,TRUE,TRUE
ERR4853553,SS14,FALSE,TRUE,TRUE,FALSE
ERR4853554,SS14,FALSE,TRUE,TRUE,FALSE
ERR4993355,SS14,FALSE,TRUE,TRUE,FALSE
ERR4853540,Nichols,FALSE,TRUE,TRUE,TRUE
ERR4853665,SS14,FALSE,TRUE,TRUE,FALSE
ERR4853666,SS14,FALSE,TRUE,TRUE,TRUE
ERR4853541,SS14,FALSE,TRUE,TRUE,FALSE
ERR4853667,SS14,FALSE,TRUE,TRUE,FALSE
ERR4853555,SS14,FALSE,TRUE,TRUE,TRUE
ERR4853668,SS14,FALSE,TRUE,TRUE,TRUE
ERR4853670,SS14,FALSE,TRUE,TRUE,FALSE
ERR4853671,SS14,FALSE,TRUE,TRUE,TRUE
ERR4853556,SS14,FALSE,TRUE,TRUE,FALSE
ERR4853543,SS14,FALSE,TRUE,TRUE,FALSE
ERR4853651,SS14,FALSE,TRUE,TRUE,FALSE
ERR4853544,SS14,FALSE,TRUE,TRUE,FALSE
ERR4853545,SS14,FALSE,TRUE,TRUE,FALSE
ERR4899201,SS14,FALSE,TRUE,TRUE,FALSE
ERR4853674,SS14,FALSE,TRUE,TRUE,FALSE
ERR4853559,SS14,FALSE,TRUE,TRUE,FALSE
ERR4853560,SS14,FALSE,TRUE,TRUE,FALSE
ERR4853676,SS14,FALSE,TRUE,TRUE,FALSE
ERR4853677,SS14,FALSE,TRUE,TRUE,TRUE
ERR4853561,SS14,FALSE,TRUE,TRUE,TRUE
ERR4853679,SS14,FALSE,TRUE,TRUE,FALSE
ERR4853596,SS14,FALSE,TRUE,TRUE,FALSE
ERR4853597,SS14,FALSE,TRUE,TRUE,FALSE
ERR4853547,SS14,FALSE,TRUE,TRUE,FALSE
ERR4853585,SS14,FALSE,TRUE,TRUE,FALSE
ERR4853598,SS14,FALSE,TRUE,TRUE,FALSE
ERR4853562,SS14,FALSE,TRUE,TRUE,FALSE
ERR4853586,SS14,FALSE,TRUE,TRUE,FALSE
ERR4853684,SS14,FALSE,TRUE,TRUE,FALSE
ERR4853653,SS14,FALSE,TRUE,TRUE,FALSE
ERR4993349,Nichols,FALSE,TRUE,TRUE,TRUE
ERR4853587,SS14,FALSE,TRUE,TRUE,FALSE
ERR4899206,Nichols,FALSE,TRUE,TRUE,TRUE
ERR5207025,SS14,FALSE,TRUE,TRUE,FALSE
ERR5210572,SS14,FALSE,TRUE,TRUE,FALSE
ERR5207018,SS14,FALSE,TRUE,TRUE,TRUE
ERR5210563,Nichols,FALSE,TRUE,TRUE,TRUE
ERR5207017,Nichols,FALSE,TRUE,TRUE,FALSE
ERR4853631,SS14,FALSE,TRUE,TRUE,FALSE
ERR5207008,SS14,FALSE,TRUE,TRUE,FALSE
ERR4899216,SS14,FALSE,TRUE,TRUE,FALSE
ERR4899217,Nichols,FALSE,TRUE,TRUE,TRUE
ERR5207009,SS14,FALSE,TRUE,TRUE,FALSE
ERR5207011,SS14,FALSE,TRUE,TRUE,FALSE
ERR5207010,SS14,FALSE,TRUE,TRUE,TRUE
ERR4899243,SS14,FALSE,TRUE,TRUE,FALSE
ERR5207034,SS14,FALSE,TRUE,TRUE,FALSE
ERR5207026,SS14,FALSE,TRUE,TRUE,TRUE
ERR5207019,SS14,FALSE,TRUE,TRUE,FALSE
ERR5210575,SS14,FALSE,TRUE,TRUE,FALSE
ERR5210577,SS14,FALSE,TRUE,TRUE,TRUE
ERR5207027,SS14,FALSE,TRUE,TRUE,TRUE
ERR5207029,SS14,FALSE,TRUE,TRUE,FALSE
ERR5210568,SS14,FALSE,TRUE,TRUE,FALSE
ERR5210576,SS14,FALSE,TRUE,TRUE,TRUE
ERR5207032,SS14,FALSE,TRUE,TRUE,TRUE
ERR5210569,SS14,FALSE,TRUE,TRUE,FALSE
ERR5210578,SS14,FALSE,TRUE,TRUE,FALSE
ERR5210579,SS14,FALSE,TRUE,TRUE,FALSE
ERR5207031,SS14,FALSE,TRUE,TRUE,TRUE
ERR4899224,SS14,FALSE,TRUE,TRUE,TRUE
ERR4899209,Nichols,FALSE,TRUE,TRUE,FALSE
ERR5207005,SS14,FALSE,TRUE,TRUE,FALSE
ERR4899210,Nichols,FALSE,TRUE,TRUE,FALSE
ERR4853614,SS14,FALSE,TRUE,TRUE,FALSE
ERR4899203,SS14,FALSE,TRUE,TRUE,TRUE
ERR4993362,Nichols,FALSE,TRUE,TRUE,FALSE
ERR4853604,SS14,FALSE,TRUE,TRUE,FALSE
ERR4853602,SS14,FALSE,TRUE,TRUE,TRUE
ERR4853605,SS14,FALSE,TRUE,TRUE,TRUE
ERR4899204,SS14,FALSE,TRUE,TRUE,FALSE
ERR4853615,SS14,FALSE,TRUE,TRUE,FALSE
ERR4899228,SS14,FALSE,TRUE,TRUE,TRUE
ERR4853580,SS14,FALSE,TRUE,TRUE,FALSE
ERR4853610,SS14,FALSE,TRUE,TRUE,FALSE
ERR4853611,SS14,FALSE,TRUE,TRUE,FALSE
ERR4853577,SS14,FALSE,TRUE,TRUE,FALSE
ERR4853579,SS14,FALSE,TRUE,TRUE,FALSE
ERR4993356,SS14,FALSE,TRUE,TRUE,TRUE
ERR4853568,Nichols,FALSE,TRUE,TRUE,FALSE
ERR4993357,Nichols,FALSE,TRUE,TRUE,TRUE
ERR4899245,Nichols,FALSE,TRUE,TRUE,FALSE
ERR4899231,SS14,FALSE,TRUE,TRUE,FALSE
ERR4853572,Nichols,FALSE,TRUE,TRUE,TRUE
ERR4899230,SS14,FALSE,TRUE,TRUE,FALSE
ERR4993361,Nichols,FALSE,TRUE,TRUE,FALSE
ERR4853573,Nichols,FALSE,TRUE,TRUE,TRUE
ERR4993358,SS14,FALSE,TRUE,TRUE,FALSE
ERR4853532,SS14,FALSE,TRUE,TRUE,FALSE
ERR4853569,Nichols,FALSE,TRUE,TRUE,TRUE
ERR4853570,Nichols,FALSE,TRUE,TRUE,TRUE
ERR4993359,SS14,FALSE,TRUE,TRUE,FALSE
ERR4853571,Nichols,FALSE,TRUE,TRUE,FALSE
ERR4853652,SS14,FALSE,TRUE,TRUE,TRUE
ERR4853620,SS14,FALSE,TRUE,TRUE,FALSE
ERR4899236,SS14,FALSE,TRUE,TRUE,TRUE
ERR5207007,SS14,FALSE,TRUE,TRUE,TRUE
ERR4853601,SS14,FALSE,TRUE,TRUE,TRUE
ERR4853625,SS14,FALSE,TRUE,TRUE,FALSE
ERR3684466,Nichols,FALSE,TRUE,TRUE,TRUE
ERR3684483,Nichols,FALSE,TRUE,TRUE,TRUE
ERR3684642,SS14,FALSE,TRUE,TRUE,TRUE
ERR4853617,TPE,FALSE,TRUE,TRUE,TRUE
ERR4899211,TPE,FALSE,TRUE,TRUE,TRUE
ERR4993360,TPE,FALSE,TRUE,TRUE,FALSE
ERR5207012,SS14,FALSE,TRUE,TRUE,TRUE
ERR5210583,TEN,FALSE,TRUE,TRUE,FALSE
ERR7123576,Nichols,FALSE,TRUE,TRUE,TRUE
ERR7123584,SS14,FALSE,TRUE,TRUE,FALSE
